aid,sid,cid,acvalue,acname,Std_Smiles,Active
1433.0,50100096.0,9874913.0,0.01,Kd,CC1=NC=C(C=C1)OC2=C(C=C(C=C2)NC3=NC=NC4=C3C=C(C=C4)C=CCNC(=O)COC)C,p
1982.0,48409448.0,2858522.0,0.0,0,CC1=CC2=C(C=C1C)N(C(=N2)NCCCO)CC(=O)C3=CC(=C(C(=C3)C(C)(C)C)O)C(C)(C)C.Br,n
435903.0,104234154.0,5287969.0,0.12,Kd,CN1CCC(C(C1)O)C2=C(C=C(C3=C2OC(=CC3=O)C4=CC=CC=C4Cl)O)O,p
493040.0,103905389.0,3547.0,0.0,0,C1CNCCN(C1)S(=O)(=O)C2=CC=CC3=C2C=CN=C3,n
493040.0,103905473.0,3973.0,0.0,0,C1COCCN1C2=CC(=O)C3=C(O2)C(=CC=C3)C4=CC=CC=C4,n
493040.0,103905115.0,4625.0,0.0,0,C1=CC=C2C(=C1)C(=CC3=CC=CN3)C(=O)N2,n
493040.0,103905107.0,4813.0,0.0,0,C1=CC(=C(C=C1C=CC2=CC(=CC(=C2)O)O)O)O,n
493040.0,103904781.0,4878.0,0.0,0,CC(C)(C)N1C2=NC=NC(=C2C(=N1)C3=CC=C(C=C3)Cl)N,n
493040.0,103905584.0,5169.0,0.0,0,C1=CC(=CC=C1C2=NC(=C(N2)C3=CC=NC=C3)C4=CC=C(C=C4)F)O,n
493040.0,103905596.0,5291.0,0.0,0,CC1=C(C=C(C=C1)NC(=O)C2=CC=C(C=C2)CN3CCN(CC3)C)NC4=NC=CC(=N4)C5=CN=CC=C5,n
493040.0,103904954.0,5711.0,0.0,0,CC(C1CCC(CC1)C(=O)NC2=CC=NC=C2)N,n
493040.0,103905249.0,112928.0,0.0,0,CN(C)C1=CC=C(C2=CC=CC=C21)N,n
493040.0,103905343.0,123631.0,0.0,0,COC1=C(C=C2C(=C1)N=CN=C2NC3=CC(=C(C=C3)F)Cl)OCCCN4CCOCC4,n
493040.0,103904989.0,176155.0,0.0,0,CS(=O)C1=CC=C(C=C1)C2=NC(=C(N2)C3=CC=NC=C3)C4=CC=C(C=C4)F,n
493040.0,103905339.0,176870.0,0.0,0,COCCOC1=C(C=C2C(=C1)C(=NC=N2)NC3=CC=CC(=C3)C#C)OCCOC,n
493040.0,103904709.0,201327.0,0.0,0,C1=CC=C2C(=C1)C(=O)NC3=CC=CC=C3N2,n
493040.0,103905567.0,208908.0,0.0,0,CS(=O)(=O)CCNCC1=CC=C(O1)C2=CC3=C(C=C2)N=CN=C3NC4=CC(=C(C=C4)OCC5=CC(=CC=C5)F)Cl,n
493040.0,103905177.0,255603.0,0.0,0,CC(CCC(=O)O)(C1=CC(=C(C=C1)O)N)C2=CC(=C(C=C2)O)N,n
493040.0,103905109.0,315880.0,0.0,0,C1=CC=C2C(=C1)C(=CN2)C=C3C4=CC=CC=C4NC3=O,n
493040.0,103905437.0,447873.0,0.0,0,CCCN1C(=NC(=C1C2=NC(=NC=C2)NC3CCCCC3)C4=CC(=C(C=C4)Cl)Cl)C5CCNCC5,n
493040.0,103904646.0,712193.0,0.0,0,COC1=CC=CC(=C1)NC2=NC=NC3=CC=CC=C32,n
493040.0,103904704.0,718180.0,0.0,0,C1=CC=C2C(=C1)N=C(S2)NC(=O)CC3=CC=CS3,n
493040.0,103905317.0,868869.0,0.0,0,CC1=CC(=C(C=C1)C)NC(=O)C2=CC(=NC3=CC=CC=C32)C4=CC=CO4,n
493040.0,103904925.0,910649.0,0.0,0,C1=CC=C2C(=C1)NC(=N2)C(=NO)C3=NC4=CC=CC=C4N3,n
493040.0,103904867.0,1924413.0,0.0,0,C1=C(C=NC2=C1NC(=O)N2)Br,n
493040.0,103905561.0,2801756.0,0.0,0,C1=CC2=C(C=C1Cl)N=NC3=NN=NN23,n
493040.0,103905362.0,2876406.0,0.0,0,COC1=C2C=CC=C3C2=C(C=C1)C(=NN3)C4=CC(=C(C=C4)OC)OC,n
493040.0,103905342.0,3038522.0,0.0,0,CC(C)OC1=CC=C(C=C1)NC(=O)N2CCN(CC2)C3=NC=NC4=CC(=C(C=C43)OC)OCCCN5CCCCC5,n
493040.0,103905630.0,3038525.0,0.0,0,C1=CC(=C(C(=C1)Cl)C2=C3C=CC(=NN3C=NC2=O)SC4=C(C=C(C=C4)F)F)Cl,n
493040.0,103905543.0,3062316.0,0.0,0,CC1=C(C(=CC=C1)Cl)NC(=O)C2=CN=C(S2)NC3=CC(=NC(=N3)C)N4CCN(CC4)CCO,n
493040.0,103905527.0,3071991.0,0.0,0,C1C(=O)NN=C2N1C3=CC=CC=C3OC2,n
493040.0,103905338.0,3081361.0,0.0,0,CN1CCC(CC1)COC2=C(C=C3C(=C2)N=CN=C3NC4=C(C=C(C=C4)Br)F)OC,n
493040.0,103905539.0,3086685.0,0.0,0,CNC(=O)C1=CC=CC=C1SC2=CC3=C(C=C2)C(=NN3)C=CC4=CC=CC=N4,n
493040.0,103905670.0,3086686.0,0.0,0,CCN(CC)CCNC(=O)C1=C(NC(=C1C)C=C2C3=C(C=CC(=C3)F)NC2=O)C,n
493040.0,103905615.0,3335325.0,0.0,0,CCOC(=O)C1=C(N(C2=C1C=C(C3=CC=CC=C32)O)C4=CC=C(C=C4)I)C,n
493040.0,103905447.0,3392643.0,0.0,0,C1C2=CC=CC=C2C3=C1C=NN3,n
493040.0,103905110.0,3661799.0,0.0,0,COC1=CC2=C(C=C1)NC=C2C=C3C4=CC=CC=C4NC3=O,n
493040.0,103905214.0,4475481.0,0.0,0,CN(C)CC(COC1=CC=C(C=C1)NC2=NC=CC(=N2)NC3=C(C=CC(=C3)Cl)Cl)O,n
493040.0,103905411.0,4521392.0,0.0,0,C1OC2=C(O1)C=C(C=C2)C3=C(NC(=N3)C4=CC=C(C=C4)C(=O)N)C5=CC=CC=N5,n
493040.0,103905207.0,4589745.0,0.0,0,CCOC1=CC(=C(C=C1)C=C2C(=O)N=C(S2)N)O,n
493040.0,103905087.0,4714238.0,0.0,0,CN(CC1=CC(=C(C2=C1C=CC=N2)O)Cl)C3CCCCC3,n
493040.0,103905621.0,5005498.0,0.0,0,C1C2=C(C3=CC=CC=C3NC1=O)NC4=C2C=C(C=C4)[N+](=O)[O-],n
493040.0,103905118.0,5111160.0,0.0,0,C1=CC=C2C(=C1)C(=CN2)C=NNC(=O)CCC(=O)NC3=C(C=CC(=C3)C(F)(F)F)Cl,n
493040.0,103905179.0,5181561.0,0.0,0,CC(C)(C1=CC(=C(C(=C1)I)O)Br)C2=CC(=C(C(=C2)I)O)Br,n
493040.0,103905313.0,5311382.0,0.0,0,CCN(CC)CCOC1=CC=C(C=C1)NC2=NC=C3C=C(C(=O)N(C3=N2)C)C4=C(C=CC=C4Cl)Cl,n
493040.0,103905660.0,5330286.0,0.0,0,CC1=C(C(=O)N(C2=NC(=NC=C12)NC3=NC=C(C=C3)N4CCNCC4)C5CCCC5)C(=O)C,n
493040.0,103905616.0,5330790.0,0.0,0,C1=CC(=C(C(=C1)F)C(=O)N2C(=NC(=N2)NC3=CC=C(C=C3)S(=O)(=O)N)N)F,n
493040.0,103905610.0,5494425.0,0.0,0,CC(C)(C)C1=NC2=C(N1)C3=C(C=C(C=C3)F)C4=C2C=CNC4=O,n
493040.0,103905648.0,5494449.0,0.0,0,CC1=CC(=NN1)NC2=CC(=NC(=N2)SC3=CC=C(C=C3)NC(=O)C4CC4)N5CCN(CC5)C,n
493040.0,103905122.0,6455415.0,0.0,0,C1=CC(=CC(=C1)F)CNC2=NC=NC3=C2NC=N3,n
493040.0,103905622.0,9811611.0,0.0,0,C1CCN(C1)CCCCNC(=O)NC2=C(C(=NS2)OCC3=C(C=C(C=C3F)Br)F)C(=O)N,n
493040.0,103905614.0,9820195.0,0.0,0,CC(C1CCC(CC1)C(=O)NC2=C3C=CNC3=NC=C2)N,n
493040.0,103905528.0,9834334.0,0.0,0,C1=C(C=NC2=NNC(=C21)N)Br,n
493040.0,103904864.0,9860448.0,0.0,0,CN1C=C(C2=C1C=CC(=C2)OC)C3=CC4=NC=CN=C4N3,n
493040.0,103905239.0,9892366.0,0.0,0,CN(C)CC1CCN2C=C(C3=CC=CC=C32)C4=C(C5=CN(CCO1)C6=CC=CC=C65)C(=O)NC4=O,n
493040.0,103905341.0,9914412.0,0.0,0,COC1=C(C=C2C(=C1)C(=NC=N2)NC3=CC=C(C=C3)NC(=O)C4=CC=CC=C4)OCCCN5CCOCC5,n
493040.0,103904807.0,9928802.0,0.0,0,C1CCC(C(C1)N)NC2=NC(=C(C=C2)C(=O)N)NC3=CC(=CC=C3)Cl,n
493040.0,103905340.0,9933475.0,0.0,0,CC1=CC2=C(N1)C=CC(=C2F)OC3=NC=NC4=CC(=C(C=C43)OC)OCCCN5CCCC5,n
493040.0,103904601.0,9934347.0,0.0,0,CNC(=O)C1=CC=CC=C1NC2=NC(=NC=C2Cl)NC3=C(C=C(C=C3)N4CCOCC4)OC,n
493040.0,103904712.0,9981692.0,0.0,0,CC(=O)NCCNC(=O)C1=CC2=C(C=C1)NC3=C(C=CC(=C3)C4=CC(=C(C=C4)O)OC)C(=O)N2,n
493040.0,103904405.0,10022738.0,0.0,0,CC1=C(SC(=N1)NC)C2=NC(=NC=C2)NC3=CC=C(C=C3)N4CCNCC4,n
493040.0,103905642.0,10113978.0,0.0,0,CC1=C(C=C(C=C1)NC2=NC=CC(=N2)N(C)C3=CC4=NN(C(=C4C=C3)C)C)S(=O)(=O)N,n
493040.0,103905056.0,10296883.0,0.0,0,CN1CCN(CC1)C2=NC3=CC=CC=C3C(=N2)C4=C(C(=O)NC4=O)C5=CNC6=CC=CC=C65,n
493040.0,103904713.0,10317442.0,0.0,0,COC1=C(C=CC(=C1)C2=CC3=C(C=C2)C(=O)NC4=C(N3)C=CC(=C4)[N+](=O)[O-])O,n
493040.0,103905557.0,10384072.0,0.0,0,C1=CC=C(C(=C1)C2=CC3=C(C4=C(N3)C=CC(=C4)O)C5=C2C(=O)NC5=O)Cl,n
493040.0,103904706.0,10456958.0,0.0,0,CN(C)CCCNC(=O)C1=CC2=C(C=C1)NC3=C(C=CC(=C3)C4=CC(=C(C=C4)O)OC)C(=O)N2,n
493040.0,103905508.0,10705154.0,0.0,0,C1CNC2=NC=NC(=C2N=C1C3=CC=CC=C3)N,n
493040.0,103904649.0,11210054.0,0.0,0,CCN1C(=C(SC1=O)C2=NC(=NC=C2)NC3=CC(=CC=C3)OC)C,n
493040.0,103904600.0,11213558.0,0.0,0,CC1(C(=O)NC2=C(O1)C=CC(=N2)NC3=NC(=NC=C3F)NC4=CC(=C(C(=C4)OC)OC)OC)C,n
493040.0,103905346.0,11497983.0,0.0,0,CCN(CCCOC1=CC2=C(C=C1)C(=NC=N2)NC3=NNC(=C3)CC(=O)NC4=CC(=CC=C4)F)CCOP(=O)(O)O,n
493040.0,103905649.0,11524200.0,0.0,0,CC1=CNC2=NC=CC(=C12)OC3=C(C=C(C=C3F)NC4=CC(=NC(=N4)N)Cl)F,n
493040.0,103904582.0,11537005.0,0.0,0,COC1=CC=CC(=C1)CNC(=O)C2=CC=C(C=C2)C3=CC=NC=C3,n
493040.0,103904645.0,11560418.0,0.0,0,C1=CC=C2C(=C1)N=C(O2)NC3=CC=C(C=C3)C4=CN=C(C5=C4C=C(S5)C(=O)N)N,n
493040.0,103905623.0,11617559.0,0.0,0,COC1=CC=C(C=C1)COC2=C(C=C(C=C2)CC3=CN=C(N=C3N)N)OC,n
493040.0,103904597.0,11712649.0,0.0,0,C1C2=CN=C(N=C2C3=C(C=C(C=C3)Cl)C(=N1)C4=C(C=CC=C4F)F)NC5=CC=C(C=C5)C(=O)O,n
493040.0,103905684.0,11713159.0,0.0,0,CN(C1=C(C=CC=N1)CNC2=NC(=NC=C2C(F)(F)F)NC3=CC4=C(C=C3)NC(=O)C4)S(=O)(=O)C,n
493040.0,103905167.0,11715767.0,0.0,0,C1CNC(=O)C2=C1NC(=C2)C3=CC=NC=C3,n
493040.0,103904269.0,11775063.0,0.0,0,CC1=CC(=CC=C1)NC(=O)NC2=CC=C(C=C2)C3=CSC4=C3C(=NC=C4C#CCNC)N,n
493040.0,103905191.0,11846124.0,0.0,0,CCOC1=C(C(=CC(=N1)C(=O)NCC2=CC=C(C=C2)S(=O)(=O)C)N)C#N,n
493040.0,103905185.0,11846125.0,0.0,0,CCOC1=C(C(=CC(=N1)C(=O)NCC2=CC=CC=C2S(=O)(=O)N)N)C#N,n
493040.0,103905057.0,11851810.0,0.0,0,C1CN(CCN1)C2=NC3=CC=CC=C3C(=N2)C4=C(C(=O)NC4=O)C5=CNC6=CC=CC=C65,n
493040.0,103905146.0,11977753.0,0.0,0,CC(C)(C#N)C1=CC=C(C=C1)N2C3=C4C=C(C=CC4=NC=C3N(C2=O)C)C5=CC6=CC=CC=C6N=C5,n
493040.0,103905486.0,12284431.0,0.0,0,C1=CC2=C(C(=O)NN2C=C1)Br,n
493040.0,103905503.0,12678237.0,0.0,0,C1C(C(C(=O)C(=C1C2=CC=CC=C2)C#N)C(=O)C3=CC=CC=C3)C4=CC=C(C=C4)Cl,n
493040.0,103905580.0,13452859.0,0.0,0,C1CC2=C(C=CS2)C3=C1C=NN3,n
493040.0,103905439.0,13811517.0,0.0,0,CC(=O)C1=C(C(=O)N(N=C1C2=CC=CC=C2)C)N,n
493040.0,103905327.0,15504063.0,0.0,0,C1C2=C(NC1=O)N=CC(=C2)C3=CC=CC=C3,n
493040.0,103905345.0,16007391.0,0.0,0,CCN(CCCOC1=CC2=C(C=C1)C(=NC=N2)NC3=NNC(=C3)CC(=O)NC4=CC(=CC=C4)F)CCO,n
493040.0,103904598.0,16038120.0,0.0,0,CC(C)S(=O)(=O)C1=CC=CC=C1NC2=NC(=NC=C2Cl)NC3=C(C=C(C=C3)N4CCC(CC4)N5CCN(CC5)C)OC,n
493040.0,103905679.0,16048554.0,0.0,0,CCC1=C2N=C(C=C(N2N=C1)NCC3=C[N+](=CC=C3)[O-])N4CCCCC4CCO,n
493040.0,103904779.0,16050450.0,0.0,0,CC1=NC=CN2C1=NC(=C2C3=NC(=NC=C3)NCC(C)(C)CO)C4=C(C=C(C=C4)F)F,n
493040.0,103904762.0,16050453.0,0.0,0,CC1=NC=CN2C1=NC(=C2C3=NC(=NC=C3)NCC(C)(C)O)C4=C(C=C(C=C4)F)F,n
493040.0,103904636.0,16129448.0,0.0,0,CCCNC(=O)C1=CC=C(C=C1)NC2=NC3=C(C=CN3)C(=N2)NCC(F)(F)F,n
493040.0,103905635.0,17754396.0,0.0,0,CC1=C(C=CC2=C3C4=CC(=C(C=C4N=CC3=C(N=C12)N)OC)OC)N,n
493040.0,103905666.0,17754438.0,0.0,0,C1=CC2=C(C=CC(=C2)CN3C4=NC(=CN=C4N=N3)C5=CN(N=C5)CCO)N=C1,n
493040.0,103905273.0,17754772.0,0.0,0,C1CCC(C1)C(CC#N)N2C=C(C=N2)C3=C4C=CNC4=NC=N3,n
493040.0,103905501.0,18001010.0,0.0,0,C1=CC=C(C=C1)C2=CC=CC3=NC=CN32,n
493040.0,103905521.0,18189414.0,0.0,0,COCOC1=C(C(=CC=C1)OCOC)C2=C(C=C(C=C2)NS(=O)(=O)C)C(=O)OC,n
493040.0,103904986.0,18516106.0,0.0,0,C1=CC(=CC=C1C2=CN=CC3=C2C=C(S3)C(=O)N)Br,n
493040.0,103904413.0,18521941.0,0.0,0,CN1CCN(CC1)C2=CC=C(C=C2)NC3=NC(=C(S3)C(=O)C4=C(C=CC=C4Cl)Cl)N,n
493040.0,103905040.0,20244403.0,0.0,0,C1=CN=CC2=C1C=C(S2)C(=O)N,n
493040.0,103904479.0,20744829.0,0.0,0,CC1=C2C=C(C=CC2=NN1)C3=CC(=CN=C3)OCC(CC4=CC(=CC=C4)Cl)N,n
493040.0,103905608.0,21874004.0,0.0,0,CN1CCN(CC1)C2=CC=C(C=C2)C(=O)NC3=NNC4=C3CN(C4)C(=O)C(C5=CC=CC=C5)OC,n
493040.0,103904577.0,21907509.0,0.0,0,C1C2=C(C=CC=C2Br)C(=O)N1,n
493040.0,103904198.0,22477600.0,0.0,0,C1=CC=C(C=C1)C2=C3C=CNC3=NC=C2,n
493040.0,103904503.0,22484544.0,0.0,0,C1CCN(CC1)C2=NC=NC3=C2C(=CN3)C4=CC=CC=C4,n
493040.0,103904486.0,22607455.0,0.0,0,C1=CC=C2C(=C1)C(=CN2)CC(COC3=CN=CC(=C3)C4=CC5=C(C=C4)C=NC=C5)N,n
493040.0,103904806.0,22665513.0,0.0,0,CC1=CC(=CC=C1)NC2=NC(=CN=C2C(=O)N)NC3CCCCC3N,n
493040.0,103905664.0,23295827.0,0.0,0,CCOC(=O)C1=C(N2C3=CC(=C(C=C3NC(=O)C2=N1)[N+](=O)[O-])NC(=O)C)C,n
493040.0,103904614.0,23647255.0,0.0,0,C1=CC=C(C(=C1)C(=O)O)NC2=NC(=NC=C2)NC3=CC(=CC=C3)F,n
493040.0,103904590.0,23647262.0,0.0,0,C1=CC=C(C(=C1)C(=O)O)NC2=NC(=NC=C2)NC3=CC=C(C=C3)[N+](=O)[O-],n
493040.0,103904604.0,23647264.0,0.0,0,C1=CC=C(C(=C1)C(=O)O)NC2=NC(=NC=C2)NC3=CC4=C(C=C3)C=NN4,n
493040.0,103904404.0,23652669.0,0.0,0,CCNC1=NC(=C(S1)C2=NC(=NC=C2)NC3=CC=C(C=C3)N4CCN(CC4)C(=O)C)C,n
493040.0,103904740.0,23740938.0,0.0,0,C1C=CC2C1C(NC3=C2C4=CC=CC=C4C=C3)C5=CC(=CC=C5)NC(=O)C6=CC=C(C=C6)F,n
493040.0,103904813.0,24180596.0,0.0,0,C1COCCN1CCCCOC2=CC3=C(CC4=C3NN=C4C5=CN=C(C=C5)C#N)C=C2,n
493040.0,103905182.0,24755603.0,0.0,0,CCC1=C(NC2=NC=CN=C12)C3=CC=C(C=C3)C(C)(C)O,n
493040.0,103905632.0,24771867.0,0.0,0,COC1=C(C(=CC=C1)F)C2=NCC3=CN=C(N=C3C4=C2C=C(C=C4)Cl)NC5=CC(=C(C=C5)C(=O)O)OC,n
493040.0,103904889.0,24772168.0,0.0,0,C1=CC=C2C(=C1)C(=CC=N2)NC(=O)NC3=NC=CN=C3,n
493040.0,103904984.0,24809803.0,0.0,0,C1=CC(=C(C=C1Cl)Cl)C2=C(C=C(N2)C3=NC(=NC=C3)N)C(=O)N,n
493040.0,103904988.0,24809834.0,0.0,0,C1=CC(=C(C=C1Cl)F)C2=C(C=C(N2)C3=NC(=NC=C3)N)C(=O)N,n
493040.0,103905025.0,24856436.0,0.0,0,CC(C)(C1=NC(=CC=C1)N2C3=NC(=NC=C3C(=O)N2CC=C)NC4=CC=C(C=C4)N5CCN(CC5)C)O,n
493040.0,103904893.0,24859158.0,0.0,0,C1=CN=C2C(=CC(=CC2=C1NC(=O)NC3=NC=CN=C3)F)F,n
493040.0,103904782.0,24905142.0,0.0,0,C1CCC(C1)N2C3=NC=NC(=C3C(=N2)C4=CN=C5C(=C4)C=CN5)N,n
493040.0,103905117.0,24906268.0,0.0,0,COC1=CC2=C(C=C1)NC(=O)C2=CC3=CN=CN3,n
493040.0,103905586.0,24995524.0,0.0,0,C1=CC(=CC(=C1)Cl)NC(=O)NC2=NC=C(S2)CCNC3=NC=NC4=C3SC=C4,n
493040.0,103905541.0,25012088.0,0.0,0,CCCC(=O)NC1=CC=CC(=C1)C2=NC3=C(C=C(C=C3)OCCN4CCCC4)C(=N2)NC5=CC6=C(C=C5)NN=C6,n
493040.0,103904731.0,25016188.0,0.0,0,C1CC1NC2=NC(=NC3=C2SC=C3)NC4=CC(=C(C=C4)N5CCOCC5)Cl,n
493040.0,103905026.0,25141092.0,0.0,0,CN1CCN(CC1)C2=CC(=C(C=C2)C(=O)NC3=NNC4=C3C=C(C=C4)CC5=CC(=CC(=C5)F)F)NC6CCOCC6,n
493040.0,103904519.0,25164472.0,0.0,0,CCCC(=O)NC1=NNC2=C1C=C(C=C2)C3=CN(N=N3)CC4=CC=CC=C4,n
493040.0,103904506.0,25165082.0,0.0,0,C1=CC2=C(C=C1C3=CC(=NO3)CO)C=NN2,n
493040.0,103905225.0,25176267.0,0.0,0,C1=CC(=CC(=C1)NC(=O)C2=C3C(=CC=C2)SN=C3N)CNC(=O)NC4=CC(=CC=C4)F,n
493040.0,103904637.0,25211575.0,0.0,0,CN(C)CC(=O)N1CCC2=CC(=C(C=C21)NC3=NC4=C(C=CN4)C(=N3)NC5=C(C(=CC=C5)F)C(=O)N)OC,n
493040.0,103904879.0,44247753.0,0.0,0,C1C2COCC2CN1C3=CC4=C(C=CN=C4C=C3)NC(=O)NC5=NC=CN=C5,n
493040.0,103905072.0,44466196.0,0.0,0,CCN(CC)CCNC1=CC=C(C2=CC=CC=C21)O,n
493040.0,103904451.0,44520205.0,0.0,0,C1=CC(=CC(=C1)F)NC(=O)NC2=CC=C(C=C2)NC(=O)C3=C4C(=NC=NN4C=C3)N,n
493040.0,103904682.0,44632634.0,0.0,0,C1CN(CC=C1C2=CNC3=C2C=CC=N3)C(=O)NCCC4=CC=CS4,n
493040.0,103904708.0,45270357.0,0.0,0,COC1=C(C=CC(=C1)C2=CC3=C(C=C2)C(=O)NC4=C(N3)C(=CC=C4)O)O,n
493040.0,103904272.0,46207586.0,0.0,0,C1=CC(=CC(=C1)F)NC(=O)NC2=CC=C(C=C2)C3=CSC4=C3C(=NC=C4C5=CN(N=C5)CCO)N,n
493040.0,103904323.0,46223254.0,0.0,0,C1=CC(=CC=C1C2=CSC3=C2C(=NC=C3C4=CN(N=C4)CCO)N)NC(=O)NC5=CC=C(C=C5)OC(F)F,n
493040.0,103904291.0,46223479.0,0.0,0,CC(C)(CN1C=C(C=N1)C2=CN=C(C3=C2SC=C3C4=CC=C(C=C4)NC(=O)NC5=CC=C(C=C5)OC)N)O,n
493040.0,103904960.0,46224697.0,0.0,0,C1=CC=C2C(=C1)C=C(S2)C3=CC(=CC4=C3NN=C4)C5=CN(C6=CN=C(N=C65)N)CCCN,n
493040.0,103905560.0,46837054.0,0.0,0,C1CN(CC2=C1C=CC=C2C(=O)NC3=NC4=CC=CC=C4S3)C5=NC(=C(S5)C6=CC=C(C=C6)CO)C(=O)O,n
493040.0,103905574.0,46871637.0,0.0,0,CN1CCN(CC1)C2=NC=C(C=C2)C3=CC4=C(NCCN4CC5=C(C=CC(=C5)Cl)C(F)(F)F)N=C3,n
493040.0,103905131.0,46872619.0,0.0,0,CC1=C(C=CC(=C1)OCC2=CC(=C(C=C2)Cl)Cl)CN3CC(C3)C(=O)O,n
493040.0,103904930.0,46872622.0,0.0,0,C1C(CN1CC2=C(C=C(C=C2)OCC3=CC=CC=C3)Cl)C(=O)O,n
493040.0,103904681.0,46873764.0,0.0,0,CCCCC#CC1=CC=C(C=C1)CN2CC(C2)C(=O)O,n
493040.0,103905555.0,46894109.0,0.0,0,CC1=C(C=CC=C1NC(=O)C2=CC=C(C=C2)C(C)(C)C)C3=CN(C(=O)C(=C3)NC4=NC=C(C=C4)C(=O)N5CCOCC5)C,n
493040.0,103904826.0,46945066.0,0.0,0,CCN(CC)CCNC(=O)C1=CC(=CC=C1)N2C(=CC(=N2)C(C)(C)C)NC(=O)NC3=CC=CC4=CC=CC=C43,n
493040.0,103904838.0,46945263.0,0.0,0,CC(C)(C)C1=NN(C(=C1)NC(=O)NC2=CC=CC3=CC=CC=C32)C4=CC=CC(=C4)C(=O)NCCCO,n
493040.0,103904189.0,49830272.0,0.0,0,C1CC(CCC1NC2=NC(=CC(=N2)Cl)C3=CNC4=C3C=CC=N4)O,n
493040.0,103904190.0,49830273.0,0.0,0,C1CC(CCC1N)NC2=NC(=CC(=N2)Cl)C3=CNC4=C3C=CC=N4,n
493040.0,103904191.0,49830274.0,0.0,0,C1=CC(=CC=C1C2=CNC3=NC=CC(=C23)Cl)C(=O)N,n
493040.0,103904197.0,49830279.0,0.0,0,C1CCC(CC1)NC2=NC(=CC(=N2)Cl)C3=CNC4=C3C=CC=N4,n
493040.0,103904199.0,49830280.0,0.0,0,CN(C)C1CCC(CC1)NC2=NC(=CC(=N2)Cl)C3=CNC4=C3C=CC=N4,n
493040.0,103904204.0,49830282.0,0.0,0,C1CCC(CC1)NC2=CC(=NC(=N2)C3=CNC4=C3C=CC=N4)Cl,n
493040.0,103904207.0,49830284.0,0.0,0,CC(C)(C)NC1=NC=NC2=C1C(=CN2)C3=CC=CC=C3,n
493040.0,103904208.0,49830285.0,0.0,0,C1=CC2=C(NC=C2C3=CC(=NC(=N3)N)Cl)N=C1,n
493040.0,103904216.0,49830293.0,0.0,0,C1CC(CCC1NC2=CC(=NC(=N2)C3=CNC4=C3C=CC=N4)Cl)O,n
493040.0,103904217.0,49830294.0,0.0,0,C1CC(CC(C1)NC2=NC(=CC(=N2)Cl)C3=CNC4=C3C=CC=N4)N,n
493040.0,103904218.0,49830295.0,0.0,0,CC(C)(CN)CNC1=NC(=CC(=C1)C2=CNC3=C2C=CC=N3)Cl,n
493040.0,103904221.0,49830298.0,0.0,0,C1=CC2=C(NC=C2C3=CC(=NC(=C3)Cl)NCCN)N=C1,n
493040.0,103904222.0,49830299.0,0.0,0,CS(=O)(=O)NCCNC1=NC(=CC(=C1)C2=CNC3=C2C=CC=N3)Cl,n
493040.0,103904223.0,49830300.0,0.0,0,CN(C)C1CCCC(C1)NC2=NC(=CC(=N2)Cl)C3=CNC4=C3C=CC=N4,n
493040.0,103904228.0,49830305.0,0.0,0,CC(C)CNC1CCC(CC1)NC2=NC(=CC(=N2)Cl)C3=CNC4=C3C=CC=N4,n
493040.0,103904229.0,49830306.0,0.0,0,CC(C)(CN)CNC1=NC(=CC(=C1)C2=CNC3=C2C=CC=N3)F,n
493040.0,103904230.0,49830307.0,0.0,0,CC(=O)NC1CCCC(C1)NC2=NC(=CC(=N2)Cl)C3=CNC4=C3C=CC=N4,n
493040.0,103904231.0,49830308.0,0.0,0,CNCC(=O)NC1CCC(CC1)NC2=NC(=CC(=N2)Cl)C3=CNC4=C3C=CC=N4,n
493040.0,103904235.0,49830312.0,0.0,0,CN(C)CC(=O)NC1CCC(CC1)NC2=NC(=CC(=N2)Cl)C3=CNC4=C3C=CC=N4,n
493040.0,103904239.0,49830315.0,0.0,0,C1CCC(C(C1)N)NC2=NC(=CC(=N2)Cl)C3=CNC4=C3C=CC=N4,n
493040.0,103904240.0,49830316.0,0.0,0,C1=CC2=C(NC=C2C3=CC(=NC=N3)Cl)N=C1,n
493040.0,103904252.0,49830327.0,0.0,0,CCCC(=O)NC1=NC(=CC(=C1)C2=CNC3=C2C=CC=N3)Cl,n
493040.0,103904253.0,49830328.0,0.0,0,C1=CC(=C(C(=C1)F)C(=O)NC2=NC(=CC(=C2)C3=CNC4=C3C=CC=N4)Cl)F,n
493040.0,103904255.0,49830330.0,0.0,0,C1CC(CC(C1)O)NC2=CC(=NC(=N2)C3=CNC4=C3C=CC=N4)Cl,n
493040.0,103904258.0,49830333.0,0.0,0,C1CC(CCC1N)NC2=CC(=NC(=N2)C3=CNC4=C3C=CC=N4)Cl,n
493040.0,103904260.0,49830335.0,0.0,0,CS(=O)(=O)NC1CCC(CC1)NC2=CC(=NC(=N2)C3=CNC4=C3C=CC=N4)Cl,n
493040.0,103904262.0,49830337.0,0.0,0,CCCCC(=O)NC1=NC(=CC(=C1)C2=CNC3=C2C=CC=N3)Cl,n
493040.0,103904263.0,49830338.0,0.0,0,C1=CC=C(C=C1)C(=O)NC2=NC(=CC(=C2)C3=CNC4=C3C=CC=N4)Cl,n
493040.0,103904270.0,49830343.0,0.0,0,C1OC2=C(O1)C=C(C=C2)C3=C4N=CC(=C(N4N=C3)N)C5=CC=C(C=C5)NC(=O)NC6=CC=CC(=C6)C(F)(F)F,n
493040.0,103904271.0,49830344.0,0.0,0,CC1=CC(=CC=C1)NC(=O)NC2=CC=C(C=C2)C3=CSC4=C3C(=NC=C4C#CCCCCCCCCN)N,n
493040.0,103904273.0,49830345.0,0.0,0,COC1=CC=C(C=C1)NC(=O)NC2=CC=C(C=C2)C3=CSC4=C3C(=NC=C4C5=CN(N=C5)CC(CO)O)N,n
493040.0,103904274.0,49830346.0,0.0,0,CCN(CC)CCCNC(=O)C1=CN=C(C2=C1SC=C2C3=CC=C(C=C3)NC(=O)NC4=CC=CC(=C4)C)N,n
493040.0,103904282.0,49830347.0,0.0,0,CC1=CC(=C(C=C1)F)NC(=O)NC2=CC=C(C=C2)C3=COC4=C3C(=NC=C4C#CCN5CCOCC5)N,n
493040.0,103904314.0,49830359.0,0.0,0,CN1C=C(C=N1)C2=CN=C(C3=C2SC=C3C4=CC=C(C=C4)NC(=O)NC5=CC(=CC=C5)F)N,n
493040.0,103904324.0,49830366.0,0.0,0,CCN(CC)CCCNC(=O)C1=CN=C(C2=C1SC=C2C3=CC=C(C=C3)NC(=O)NC4=CC(=CC=C4)F)N,n
493040.0,103904326.0,49830367.0,0.0,0,CC1=CC(=CC=C1)NC(=O)NC2=CC=C(C=C2)C3=CSC4=C3C(=NC=C4C5=CN(N=C5)CC(C)O)N,n
493040.0,103904371.0,49830384.0,0.0,0,C1=CC(=CC(=C1)NC(=O)NC2=CC=C(C=C2)C3=C(C4=NC=CN=C4C=C3)N)C(F)(F)F,n
493040.0,103904402.0,49830398.0,0.0,0,CC1=C(C=CC(=C1)NC2=NC=C(C(=N2)NC3C4CC(C3C(=O)N)C=C4)F)N5CCN(CC5)C,n
493040.0,103904406.0,49830399.0,0.0,0,CN1CCN(CC1)C2=CC=C(C=C2)NC3=NC=C(C(=N3)NC4=CC5=C(C=C4)NN=C5)Cl,n
493040.0,103904455.0,49830424.0,0.0,0,C1=CC(=CC(=C1)F)NC(=O)NC2=CC=C(C=C2)C3=CC4=C(C=C3)C=NN4,n
493040.0,103904456.0,49830425.0,0.0,0,CC1=CC(=O)NN=C1C2=CC=C(C=C2)NC(=O)NC3=CC(=CC=C3)Cl,n
493040.0,103904457.0,49830426.0,0.0,0,CC1=CC(=O)NN=C1C2=CC=C(C=C2)NC(=O)NC3=C(C=CC(=C3)C(F)(F)F)F,n
493040.0,103904458.0,49830427.0,0.0,0,C1=CC(=CC(=C1)NC(=O)NC2=CC=C(C=C2)C3=NNC(=O)C=C3)C(F)(F)F,n
493040.0,103904459.0,49830428.0,0.0,0,C1=CC(=CC(=C1)NC(=O)NC2=CC(=CC=C2)F)C3=CC4=C(C=C3)C=NN4,n
493040.0,103904469.0,49830436.0,0.0,0,CC1=C2C=C(C=CC2=NN1)C3=CC(=CN=C3)OCCN,n
493040.0,103904480.0,49830441.0,0.0,0,CC1=C2C=C(C=CC2=NN1)C3=CC(=CN=C3)OCC(CC4=CC(=C(C=C4)Cl)Cl)N,n
493040.0,103904485.0,49830443.0,0.0,0,CC1=CC=CC=C1C2=C(N=NN2CC3=CC=CC=C3)C4=CC5=C(C=C4)NN=C5N,n
493040.0,103904500.0,49830453.0,0.0,0,CC(C)(C)CCOC1=CC(=CC2=C1C(=NN2)N)C3=CC=C(C=C3)C(=O)N,n
493040.0,103904505.0,49830457.0,0.0,0,COC1=C(C=C(C=C1)C(=O)NC2=NNC3=C2C=C(C=C3)C4=CN(N=N4)CC5=CC=CC=C5)OC,n
493040.0,103904507.0,49830458.0,0.0,0,C1=CC=C(C=C1)CN2C=C(N=N2)C3=CC4=C(C=C3)NN=C4NC(=O)C5=C(C=CC(=C5)F)F,n
493040.0,103904514.0,49830460.0,0.0,0,C1=CC=C(C=C1)CN2C=C(N=N2)C3=CC4=C(C=C3)NN=C4NC(=O)C5=CC(=CC=C5)F,n
493040.0,103904522.0,49830465.0,0.0,0,COC1=CC(=CC(=C1)C(=O)NC2=NNC3=C2C=C(C=C3)C4=CN(N=N4)CC5=CC=CC=C5)OC,n
493040.0,103904523.0,49830466.0,0.0,0,COC1=CC=CC(=C1)C(=O)NC2=NNC3=C2C=C(C=C3)C4=CN(N=N4)CC5=CC=CC=C5,n
493040.0,103904529.0,49830468.0,0.0,0,CN(C)CC(=O)NC1=NNC2=C1C=C(C=C2)C3=CN(N=N3)CC4=CC=CC=C4,n
493040.0,103904533.0,49830470.0,0.0,0,C1=CC=C(C=C1)CN2C=C(N=N2)C3=CC4=C(C=C3)NN=C4NC(=O)C5=CC=C(C=C5)C#N,n
493040.0,103904534.0,49830471.0,0.0,0,C1=CC=C(C=C1)CN2C=C(N=N2)C3=CC4=C(C=C3)NN=C4NC(=O)C5=CC=CC(=C5)C#N,n
493040.0,103904535.0,49830472.0,0.0,0,C1=CC=C(C=C1)CN2C=C(N=N2)C3=CC4=C(C=C3)NN=C4NC(=O)C5=CC=C(C=C5)F,n
493040.0,103904540.0,49830474.0,0.0,0,C1=CC=C(C=C1)CN2C=C(N=N2)C3=CC4=C(C=C3)NN=C4NC(=O)C5=CC(=CC=C5)Cl,n
493040.0,103904542.0,49830475.0,0.0,0,C1=CC=C(C=C1)CN2C=C(N=N2)C3=CC4=C(C=C3)NN=C4NC(=O)C5=CC=C(C=C5)Cl,n
493040.0,103904544.0,49830476.0,0.0,0,CN(C)C1=CC=C(C=C1)C(=O)NC2=NNC3=C2C=C(C=C3)C4=CN(N=N4)CC5=CC=CC=C5,n
493040.0,103904554.0,49830481.0,0.0,0,C1=CC=C(C=C1)C(CN)NC(=O)C2=CC=C(C=C2)C3=CC=NC=C3,n
493040.0,103904565.0,49830489.0,0.0,0,CC(C1=CC(=CC=C1)OC)NC(=O)C2=CC=C(C=C2)C3=CC=NC=C3,n
493040.0,103904575.0,49830498.0,0.0,0,C1=CC=C(C=C1)CNC2=C(C=CC(=C2)C3=CC=NC=C3)C#N,n
493040.0,103904576.0,49830499.0,0.0,0,C1C2=C(C=CC=C2C(=O)N1)C3=CC=CS3,n
493040.0,103904578.0,49830500.0,0.0,0,C1=CC=C(C=C1)C(CCO)NC(=O)C2=CC=C(C=C2)C3=CC=NC=C3,n
493040.0,103904583.0,49830504.0,0.0,0,CCCOC1=CC=CC(=C1)C(C)NC(=O)C2=CC=C(C=C2)C3=C(C=NC=C3)F,n
493040.0,103904586.0,49830506.0,0.0,0,COC1=CC=CC(=C1)CNC(=O)C2=CN=C(N=C2)C3=CC=NC=C3,n
493040.0,103904591.0,49830508.0,0.0,0,CNS(=O)(=O)C1=CC=CC=C1NC2=NC(=NC=C2Cl)NC3=CC(=C(C(=C3)OC)OC)OC,n
493040.0,103904599.0,49830510.0,0.0,0,CCN1CCN(CC1)C2=CC=C(C=C2)NC3=NC=C(C(=N3)NC4=CC5=C(C=C4)NN=C5)Cl,n
493040.0,103904605.0,49830513.0,0.0,0,CN1C=C(C=N1)NC2=NC=C(C(=N2)NC3=CC=CC=C3C(=O)N)Br,n
493040.0,103904612.0,49830518.0,0.0,0,CN1C=C(C=N1)NC2=NC=C(C(=N2)NC3=CC=CC=C3C(=O)N)Cl,n
493040.0,103904615.0,49830520.0,0.0,0,C1=CC=C(C(=C1)C(=O)O)NC2=NC=NC(=N2)NC3=CC=C(C=C3)F,n
493040.0,103904616.0,49830521.0,0.0,0,C1=CC=C(C(=C1)C(=O)O)NC2=NC=NC(=N2)NC3=CC4=C(C=C3)C=NN4,n
493040.0,103904617.0,49830522.0,0.0,0,C1=CC=C(C(=C1)C(=O)O)NC2=NC=NC(=N2)NC3=CC(=CC=C3)F,n
493040.0,103904639.0,49830532.0,0.0,0,CCCNC(=O)C1=CC=C(C=C1)NC2=NC(=C3C=CNC3=N2)CC,n
493040.0,103904640.0,49830533.0,0.0,0,CCCNC(=O)C1=CC=C(C=C1)NC2=NC(=C3C=CNC3=N2)CCC(F)(F)F,n
493040.0,103904644.0,49830536.0,0.0,0,COC1=CC=C(C=C1)N2C=CC3=CN=C(N=C32)NC4=CC(=C(C(=C4)OC)OC)OC,n
493040.0,103904678.0,49830555.0,0.0,0,C1CCC(CC1)NC2=C(C=C(C=C2)S(=O)(=O)NC(=O)C3=CC=C(C=C3)C4=CC=C(C=C4)F)N,n
493040.0,103904683.0,49830556.0,0.0,0,C1=CC=C2C(=C1)C(=CN2)CC(C(=O)NC3=CN=CC(=C3)C=CC4=CC=NC=C4)N,n
493040.0,103904711.0,49830569.0,0.0,0,COC1=C(C=CC(=C1)C2=CC3=C(C=C2)C(=O)NC4=C(N3)C=CC(=C4)C(=O)NCC5=CC(=CC=C5)F)O,n
493040.0,103904721.0,49830576.0,0.0,0,COC1=CC(=CC(=C1OC)OC)C2=CC3=C(C=C2)NC4=C(C=CC(=C4)C5=CC=CC=C5NS(=O)(=O)C)C(=O)N3,n
493040.0,103904736.0,49830587.0,0.0,0,C1=CC(=CN=C1)C2=CC3=CC(=NC=C3C=C2)NCCO,n
493040.0,103904739.0,49830590.0,0.0,0,CC(=O)NCC(=O)N1C2CCC1C3=C2C=CC(=C3)NC4=NC=C(C(=N4)NC5CCC5)C(F)(F)F,n
493040.0,103904776.0,49830617.0,0.0,0,CC(C)(CNC1=NC=CC(=N1)C2=C(N=C3N2C=CN=C3OC)C4=CC=C(C=C4)F)CO,n
493040.0,103904777.0,49830618.0,0.0,0,CC(C)COC1=NC=CN2C1=NC(=C2C3=NC(=NC=C3)NCC(C)(C)CO)C4=CC=C(C=C4)F,n
493040.0,103904786.0,49830622.0,0.0,0,CC(=O)C1=CC=CC(=C1)C2=CN=C3C(=C2)C=CN3,n
493040.0,103904801.0,49830632.0,0.0,0,COC1=CC=CC=C1C2=NC(=NC=C2)NC3=CC(=CC=C3)S(=O)(=O)C,n
493040.0,103904814.0,49830637.0,0.0,0,COCC#CC1=C2CC3=C(NN=C3C2=CC=C1)C4=CC=CS4,n
493040.0,103904818.0,49830640.0,0.0,0,CC(C1=CC=CC=C1F)NC2=CN=CC(=N2)N3C=NC4=C3C=C(C=C4)C#N,n
493040.0,103904820.0,49830642.0,0.0,0,C1=CC2=C(C=C1C#N)N(C(=N2)N)C3=NC=CS3,n
493040.0,103904821.0,49830643.0,0.0,0,C1CCC2=C(C1)N=C(S2)N3C4=C(C=CC(=C4)C#N)N=C3N,n
493040.0,103904824.0,49830644.0,0.0,0,COC1=CC=CC=C1CN=C(N)NC2=NC=CC(=N2)C3=CC=CS3,n
493040.0,103904825.0,49830645.0,0.0,0,CCN(CCN)C(=O)C1=CC(=CC=C1)N2C(=CC(=N2)C(C)(C)C)NC(=O)NC3=CC=CC4=CC=CC=C43,n
493040.0,103904837.0,49830646.0,0.0,0,CC(C)C(CO)NC(=O)C1=CC(=CC=C1)N2C(=CC(=N2)C(C)(C)C)NC(=O)NC3=CC=CC4=CC=CC=C43,n
493040.0,103904829.0,49830647.0,0.0,0,CC(C)(C)C1=NN(C(=C1)NC(=O)C(=O)C2=CC=CC3=CC=CC=C32)C4=CC=C(C=C4)OCCC(=O)N,n
493040.0,103904830.0,49830648.0,0.0,0,CC(C)N(CCCN)C(=O)C1=CC(=CC=C1)N2C(=CC(=N2)C(C)(C)C)NC(=O)NC3=CC=CC4=CC=CC=C43,n
493040.0,103904832.0,49830650.0,0.0,0,CC(C)(C)C1=NN(C(=C1)NC(=O)C(=O)C2=CC=CC3=CC=CC=C32)C4=CC=C(C=C4)OCC(=O)N,n
493040.0,103904833.0,49830651.0,0.0,0,CC(C)(C)C1=NN(C(=C1)NC(=O)NC2=CC=CC3=CC=CC=C32)C4=CC=CC(=C4)C(=O)NCCCCN(C)C,n
493040.0,103904834.0,49830652.0,0.0,0,CC(C)(C)C1=NN(C(=C1)NC(=O)C(=O)C2=CC=CC3=CC=CC=C32)C4=CC=C(C=C4)OCC(=O)NCCO,n
493040.0,103904835.0,49830653.0,0.0,0,CC(C)(C)C1=NN(C(=C1)NC(=O)NC2=CC=CC3=CC=CC=C32)C4=CC=CC(=C4)C(=O)N(C)CCCN(C)C,n
493040.0,103904836.0,49830654.0,0.0,0,CC(C)(C)C1=NN(C(=C1)NC(=O)NC2=CC=CC3=CC=CC=C32)C4=CC=CC(=C4)C(=O)N(C)CCN,n
493040.0,103904839.0,49830655.0,0.0,0,CC(C)(C)C1=NN(C(=C1)NC(=O)NC2=CC=CC3=CC=CC=C32)C4=CC=CC(=C4)C(=O)NCCOCCO,n
493040.0,103904840.0,49830656.0,0.0,0,CC(C)(C)C1=NN(C(=C1)NC(=O)NC2=CC=CC3=CC=CC=C32)C4=CC=CC(=C4)C(=O)NCCCCO,n
493040.0,103904841.0,49830657.0,0.0,0,CC(C)(C)C1=NN(C(=C1)NC(=O)NC2=CC=CC3=CC=CC=C32)C4=CC=CC(=C4)C(=O)N(CCN)CCO,n
493040.0,103904842.0,49830658.0,0.0,0,CCN(CCN(C)C)C(=O)C1=CC(=CC=C1)N2C(=CC(=N2)C(C)(C)C)NC(=O)NC3=CC=CC4=CC=CC=C43,n
493040.0,103904843.0,49830659.0,0.0,0,CC(C)(C)C1=NN(C(=C1)NC(=O)C(=O)C2=CC=CC3=CC=CC=C32)C4=CC(=CC=C4)OCC(=O)O,n
493040.0,103904844.0,49830660.0,0.0,0,CC(C)(C)C1=NN(C(=C1)NC(=O)C(=O)C2=CC=CC3=CC=CC=C32)C4=CC(=CC=C4)OCC(=O)NCCO,n
493040.0,103904845.0,49830661.0,0.0,0,CC(C)(C)C1=NN(C(=C1)NC(=O)C(=O)C2=CC=CC3=CC=CC=C32)C4=CC=C(C=C4)OCC(=O)O,n
493040.0,103904846.0,49830662.0,0.0,0,CC(C)(C)C1=NN(C(=C1)NC(=O)C(=O)C2=CC=CC3=CC=CC=C32)C4=CC=C(C=C4)OCCC(=O)O,n
493040.0,103904851.0,49830667.0,0.0,0,CC(C)(C)C1=NN(C(=C1)NC(=O)NC2=CC=CC3=CC=CC=C32)C4=CC=CC(=C4)C(=O)NCCCCC(=O)O,n
493040.0,103904852.0,49830668.0,0.0,0,CC(C)(C)C1=NN(C(=C1)NC(=O)NC2=CC=CC3=CC=CC=C32)C4=CC=CC(=C4)C(=O)N(C)CCC#N,n
493040.0,103904860.0,49830674.0,0.0,0,C1=CN(C=C1)CCCOC2=C3C(=C(C=C2)C4=CC=C(C=C4)NC(=O)NC5=CC(=CC=C5)Cl)C(=NN3)N,n
493040.0,103904861.0,49830675.0,0.0,0,CN1C=C(C2=C1C=CC(=C2)OC)C3=CC4=NC(=CN=C4N3)Br,n
493040.0,103904862.0,49830676.0,0.0,0,CN1C=C(C2=C1C=CC(=C2)F)C3=CC4=NC(=CN=C4N3)Br,n
493040.0,103904863.0,49830677.0,0.0,0,CN1C=C(C2=CC=CC=C21)C3=CC4=NC(=CN=C4N3)Br,n
493040.0,103904865.0,49830678.0,0.0,0,CN(C)C1=CC=C(C=C1)C2=CC(=NC(=N2)NS(=O)(=O)C3=CC=C(C=C3)N)C4=CC=C(C=C4)[N+](=O)[O-],n
493040.0,103904868.0,49830680.0,0.0,0,C1=CC(=NC(=C1)NC(=O)NC2=C3C=CC(=CC3=NC=C2)Cl)C(F)(F)F,n
493040.0,103904869.0,49830681.0,0.0,0,C1=CC(=NC(=C1)NC(=O)NC2=C3C=C(C=CC3=NC=C2)Cl)C(F)(F)F,n
493040.0,103904870.0,49830682.0,0.0,0,C1=CC(=NC(=C1)NC(=O)NC2=C3C=CC(=CC3=NC=C2)C(F)(F)F)C#N,n
493040.0,103904872.0,49830684.0,0.0,0,COC1=CC2=NC=CC(=C2C=C1)NC(=O)NC3=CC=CC(=N3)C(F)(F)F,n
493040.0,103904873.0,49830685.0,0.0,0,CC1=CC2=C(C=CN=C2C=C1)NC(=O)NC3=CC=CC(=N3)C(F)(F)F,n
493040.0,103904874.0,49830686.0,0.0,0,C1=CC(=NC(=C1)NC(=O)NC2=C3C=C(C=CC3=NC=C2)F)C(F)(F)F,n
493040.0,103904876.0,49830688.0,0.0,0,CCC1=CC2=C(C=CN=C2C=C1)NC(=O)NC3=CC=CC(=N3)C(F)(F)F,n
493040.0,103904877.0,49830689.0,0.0,0,C1=CC(=NC(=C1)NC(=O)NC2=C3C=CC(=CC3=NC=C2)OC(F)F)C(F)(F)F,n
493040.0,103904878.0,49830690.0,0.0,0,CCC1=CC2=NC=CC(=C2C=C1)NC(=O)NC3=CC=CC(=N3)C(F)(F)F,n
493040.0,103904880.0,49830691.0,0.0,0,C1=CC(=NC(=C1)NC(=O)NC2=C3C=C(C(=CC3=NC=C2)F)F)C(F)(F)F,n
493040.0,103904881.0,49830692.0,0.0,0,C1=CC(=NC(=C1)NC(=O)NC2=CC=NC3=C(C=CC(=C23)F)F)C(F)(F)F,n
493040.0,103904882.0,49830693.0,0.0,0,C1=CC2=C(C=CN=C2C(=C1)F)NC(=O)NC3=CC=CC(=N3)C(F)(F)F,n
493040.0,103904894.0,49830697.0,0.0,0,CC#CC1=CC2=C(C=CN=C2C=C1)NC(=O)NC3=CC=CC(=N3)C(F)(F)F,n
493040.0,103904902.0,49830704.0,0.0,0,CCCC1=CC2=C(C=CN=C2C=C1)NC(=O)NC3=CC=CC(=N3)C(F)(F)F,n
493040.0,103904909.0,49830709.0,0.0,0,CC(C1=CC(=CC=C1)OC)NC(=O)C2=CN=C(N=C2)C3=CC=NC=C3,n
493040.0,103904912.0,49830711.0,0.0,0,CS(=O)(=O)N(CC1=CC2=C(C=C1)NC(=O)C3=CC=CN32)C4CC4,n
493040.0,103904917.0,49830715.0,0.0,0,CCC1CC(CC1C2=NC=C3N2C4=C(NC=C4)N=C3)NS(=O)(=O)C5CC5,n
493040.0,103904918.0,49830716.0,0.0,0,CC1CCN(CC1C2=NC=C3N2C4=C(NC=C4)N=C3)C(=O)CC#N,n
493040.0,103904919.0,49830717.0,0.0,0,CC(C1=CC(=CC=C1)OC)NC(=O)C2=CC=C(S2)C3=CC=NC=C3,n
493040.0,103904920.0,49830718.0,0.0,0,CC1=C(SC(=N1)C2=CC=NC=C2)C(=O)NC(C)C3=CC(=CC=C3)OC,n
493040.0,103904927.0,49830721.0,0.0,0,CCOC(=O)CC1=NC2=C(C=CC=C2N1)N,n
493040.0,103904932.0,49830724.0,0.0,0,C1C(CN1CC2=C(C=C(C=C2)OCC3=CC(=CC=C3)C(F)(F)F)Cl)C(=O)O,n
493040.0,103904933.0,49830725.0,0.0,0,C1C(CN1CC2=CC=C(C=C2)OCC3=CC(=CC=C3)C(F)(F)F)C(=O)O,n
493040.0,103904935.0,49830727.0,0.0,0,CC1=CN=C(S1)NC2=NC(=NC=C2Br)NC(C)C,n
493040.0,103904936.0,49830728.0,0.0,0,CC(C)C(C)NC1=NC=C(C(=N1)NC2=NC=CS2)Cl,n
493040.0,103904983.0,49830754.0,0.0,0,CC1=CC=C(C=C1)C2=CC3=C(C=CC(=C3N2)C(=O)N)NCCN,n
493040.0,103904990.0,49830755.0,0.0,0,C#CC1=CN(C2=NC=NC(=C12)N)C3CCCC3,n
493040.0,103904992.0,49830756.0,0.0,0,C1COCC1N2C=C(C3=C(N=CN=C32)N)C4=CC=C(C=C4)OC5=CC=C(C=C5)CO,n
493040.0,103905004.0,49830764.0,0.0,0,CCN(C1=CC=C(C=C1)NC2=NC3=C(C(=N2)NC4CC4)NC=N3)C(=O)C,n
493040.0,103905005.0,49830765.0,0.0,0,CCCNC(=O)C1=CC=C(C=C1)NC2=NC3=C(C(=N2)NCC(F)(F)F)SC=C3,n
493040.0,103905008.0,49830766.0,0.0,0,CC1=CC(=CC=C1)C2=C3C(=CC=C2)ON=C3N,n
493040.0,103905010.0,49830768.0,0.0,0,CC(C)CC1=C2C=CNC2=NC(=N1)NC3=CC(=C(C=C3)N4CCOCC4)Cl,n
493040.0,103905011.0,49830769.0,0.0,0,CCC1=C2C=CNC2=NC(=N1)NC3=CC(=C(C=C3)N4CCOCC4)Cl,n
493040.0,103905012.0,49830770.0,0.0,0,C1=CC=C2C(=C1)C3=C(C2=NO)C=C(C=C3)NS(=O)(=O)C4=CC(=CC=C4)Br,n
493040.0,103905027.0,49830780.0,0.0,0,CN1CCN(CC1)C2=CC(=C(C=C2)C(=O)NC3=NNC4=C3C=C(C=C4)CC5=CC(=CC(=C5)F)F)OC,n
493040.0,103905036.0,49830787.0,0.0,0,CCCC(=O)NC1=NNC2=C1C=C(C=C2)C3=C(C(=CC=C3)F)F,n
493040.0,103905037.0,49830788.0,0.0,0,CCOCC(C)OC1=CC=CC2=C1C(=NN2)N,n
493040.0,103905080.0,49830807.0,0.0,0,CS(=O)(=O)C1=CC=CC(=C1)C(=O)NC2=NC3=CC=CC=C3N2CCCO,n
493040.0,103905083.0,49830808.0,0.0,0,C1=CC=C(C=C1)C2=NC(=NC=N2)NC3=CC(=C(C=C3)O)CN,n
493040.0,103905093.0,49830815.0,0.0,0,CN1C2=CC=CC=C2C=C1C(=O)NC3=C(C=C(C=C3)C4=CSC5=C4C(=NC=C5C=CC(=O)NCCN(C)C)N)OC,n
493040.0,103905098.0,49830820.0,0.0,0,C1=CC=C(C=C1)N2C(=C3C=CC(=CC3=N2)N)C(=O)O,n
493040.0,103905111.0,49830822.0,0.0,0,C1=CNC(=C1)C=C2C3=C(C=C(C=C3)C4=CC=C(C=C4)O)NC2=O,n
493040.0,103905138.0,49830834.0,0.0,0,CS(=O)(=O)NC1=CC=C(C=C1)NC2=CC3=C(C=C2)NN=C3N,n
493040.0,103905158.0,49830840.0,0.0,0,CC1=CC(=NC=C1)NC2=NC(=NC(=C2)C)C3=CC=CC=C3,n
493040.0,103905159.0,49830841.0,0.0,0,CCN1CCN(CC1)C2=CC=C(C=C2)NC3=NC=C(C(=N3)NC4=CC5=C(C=C4)NN=C5)C#N,n
493040.0,103905183.0,49830856.0,0.0,0,C1=CC(=CC=C1C2=NC3=C(N2)C=C(C=C3)O)SC4=CC=C(C=C4)C5=NC6=C(N5)C=C(C=C6)O,n
493040.0,103905203.0,49830864.0,0.0,0,COC(=O)C1=C(N=C2N1C=CC=C2)N,n
493040.0,103905226.0,49830869.0,0.0,0,CC1=CC=C(S1)C2=C(C(=O)NC(=C2)C3=C(C=CC(=C3)Br)O)C#N,n
493040.0,103905230.0,49830871.0,0.0,0,CC(=O)C1=CC=CC(=C1)C2=NN3C=CN=C3C=C2,n
493040.0,103905250.0,49830876.0,0.0,0,C1=CC=C(C=C1)N2C=CC3=CN=C(N=C32)NC4=CC(=CC=C4)S(=O)(=O)N,n
493040.0,103905275.0,49830888.0,0.0,0,CC1=C(C=CC(=C1)C2=C3C=CNC3=NC=N2)F,n
493040.0,103905323.0,49830902.0,0.0,0,CCC1=C(NC2=NC=CN=C12)C3=CC=C(C=C3)C(=O)C,n
493040.0,103905324.0,49830903.0,0.0,0,CC1=CC=C(C=C1)C2=CC3=NC(=CN=C3N2)Br,n
493040.0,103905326.0,49830905.0,0.0,0,C1=CC(=CN=C1)C2=CC=C(C=C2)CC(=O)NC3=CC=C(C=C3)SC(F)F,n
493040.0,103905329.0,49830907.0,0.0,0,C1=CC=C(C=C1)C2=NC=C3N2C(=NC=C3)N,n
493040.0,103905330.0,49830908.0,0.0,0,CC1=CC(=C(C=C1)F)NC(=O)NC2=CC=C(C=C2)C3=C4C(=C(C=C3)OCCCN5C=CC=C5)NN=C4N,n
493040.0,103905331.0,49830909.0,0.0,0,CC1=CC(=O)NN=C1C2=CC(=C(C=C2)NC(=O)NC3=C(C=CC(=C3)C(F)(F)F)F)Cl,n
493040.0,103905337.0,49830911.0,0.0,0,C1=CC=C(C=C1)C2=CC=CC=C2NC(=O)NC3=NC4=C(C=CC=C4S3)O,n
493040.0,103905368.0,49830922.0,0.0,0,CN1C2=C(C=C(C=C2)N)C(C3=C1C=CC(=C3)N)C4=CC=CC=C4,n
493040.0,103905379.0,49830926.0,0.0,0,CN(C)C1=CC=C(C=C1)NC2=NNC(=C2)C3=CSC(=C3)Br,n
493040.0,103905386.0,49830930.0,0.0,0,CCCC(=O)NC1=NNC2=NN=C(C=C21)C3=C(C(=CC=C3)F)F,n
493040.0,103905397.0,49830937.0,0.0,0,CC(C)NC1=C(C(=O)NN1)C=C2C=C3C=CC=CC3=N2,n
493040.0,103905406.0,49830943.0,0.0,0,COC1=C(C(=CC=C1)OC)CNC2=NC(=NC3=C2C=C(C=C3)Cl)NC4CCCCC4,n
493040.0,103905427.0,49830953.0,0.0,0,C1COCCN1C2=CC=C(C=C2)OCCC3=CC4=C(C=C3)NC5=C(C=CC(=C5)C6=CN(C7=C6C=CN=C7)CC8=CC(=C(C(=C8)F)F)F)C(=O)N4,n
493040.0,103905435.0,49830954.0,0.0,0,CCCCNC1=NC(=C(S1)C(=O)C2=CC=CC=C2)N,n
493040.0,103905446.0,49830961.0,0.0,0,CC1=CC=C(C=C1)NCC2=CN=C(C=C2)C3=CC=C(C=C3)F,n
493040.0,103905453.0,49830966.0,0.0,0,CC1=C2C=C(N=CC2=NN1)C3=CC(=CN=C3)OCC(CC4=CC(=CC=C4)C(F)(F)F)N,n
493040.0,103905460.0,49830969.0,0.0,0,CC1=C2C(=O)C3=C(C=C(C=C3)C(C)C)NC2=NC=C1,n
493040.0,103905461.0,49830970.0,0.0,0,CC1=NC2=CC(=NN2C(=C1)C(=O)N)C(C)(C)C,n
493040.0,103905462.0,49830971.0,0.0,0,CC(C)C1=CC(=O)NC2=C1C(=O)NN2,n
493040.0,103905474.0,49830975.0,0.0,0,C1CC2=C(CC1C3=CC=CC=C3)C=NN2,n
493040.0,103905480.0,49830979.0,0.0,0,C1CNC2(CCN(CC2)C(=O)CC3=CC=C(C=C3)OC(F)(F)F)C4=C1C5=CC=CC=C5N4,n
493040.0,103905499.0,49830989.0,0.0,0,C1CNC(=O)C2=C(N1)C(=CS2)C(=O)O,n
493040.0,103905504.0,49830992.0,0.0,0,CC1=CC(=NN1)NC2=NC(=CC(=N2)Cl)NCC3=CC=CC=C3,n
493040.0,103905518.0,49830995.0,0.0,0,CCCCNC(=O)C1=CN(C(=O)C2=CC(=C(C=C21)OC)OC)C(CC)CC,n
493040.0,103905519.0,49830996.0,0.0,0,CC1=CN2CC(=O)NN=C2C=C1,n
493040.0,103905531.0,49831000.0,0.0,0,CC12C(C(CC(O1)N3C4=CC=CC=C4C5=C6C(=C7C8=CC=CC=C8N2C7=C53)CNC6=O)NC)OC,n
493040.0,103905536.0,49831002.0,0.0,0,CC1=CN=C(C=C1)NC2=NC3=C(N2)C=C(C=C3)[N+](=O)[O-],n
493040.0,103905544.0,49831005.0,0.0,0,CC1=NN(C2=C1C(=O)C3=C(N2OCC(C)C)C=CC(=C3)Cl)C,n
493040.0,103905552.0,49831006.0,0.0,0,CCC(=O)NC1=CC(=C(C=C1)C(=O)N2CCNCC2)O,n
493040.0,103905556.0,49831007.0,0.0,0,CC(C)(C)C1=CC=C(C=C1)C(=O)NC2=CC=CC(=C2CO)C3=CN(C(=O)C(=C3)NC4=NC=C(C=C4)C(=O)N5CCOCC5)C,n
493040.0,103905558.0,49831008.0,0.0,0,CC1=CC(=NN1)NC2=CC(=NC(=N2)C=CC3=CC=CC=C3)N4CCN(CC4)C,n
493040.0,103905562.0,49831009.0,0.0,0,CN1C(=O)C(=C(N=C1NCC(CC2=CC=CC=C2)N)C3=CC=NC=C3)C4=CC5=CC=CC=C5C=C4,n
493040.0,103905573.0,49831011.0,0.0,0,C1CC(C2=C(C1)N=C(C=C2)C3C4=C(C=CC(=C4)C#N)NC3=O)O,n
493040.0,103905579.0,49831015.0,0.0,0,C1=CC(=CC(=C1)O)C2=C3C(=CC=C2)ON=C3N,n
493040.0,103905581.0,49831016.0,0.0,0,C1C2=C(C=C(C=C2)Br)C3=C1C=NN3,n
493040.0,103905587.0,49831018.0,0.0,0,C1=CC(=CC(=C1)Cl)NC(=O)NC2=NC(=CS2)CCNC3=NC=NC4=C3SC=C4,n
493040.0,103905602.0,49831023.0,0.0,0,C=CCC1=C2C(=CC=C1)C(=NO)C=C(O2)C3=CC=CC=C3,n
493040.0,103905611.0,49831028.0,0.0,0,C12=C(NN=C1N=C(S2)Cl)N,n
493040.0,103905613.0,49831029.0,0.0,0,C1=CC2=NC=C(C=C2C=C1C3=CC=NC=C3)O,n
493040.0,103905631.0,49831034.0,0.0,0,C1CN(CC2=C1NC3=C2C=C(C=C3Cl)Cl)C(=O)NC4=CC=C(C=C4)[N+](=O)[O-],n
493040.0,103905651.0,49831039.0,0.0,0,CC1=NN(C2=C1C(=C(S2)C(=O)N)N)C,n
493040.0,103905655.0,49831042.0,0.0,0,CCN1C2=C(C=CC(=C2)N)C3=C(C1(C4=CC=CC=C4)O)C=C(C=C3)N,n
493040.0,103905657.0,49831044.0,0.0,0,CC(C)OC1=NNC(=C1)NC2=NC(=NC=C2Cl)NC(C)C3=NC=C(C=C3)F,n
493040.0,103905668.0,49831046.0,0.0,0,C1=CC2=NC(=CN2C=C1C(=O)N)C3=CC=C(O3)[N+](=O)[O-],n
493040.0,103905669.0,49831047.0,0.0,0,CCN1C2=C(C=NC=C2C(=O)N3CCC(C3)N)N=C1C4=NON=C4N,n
493040.0,103905671.0,49831048.0,0.0,0,C1=CC=C(C=C1)C=CC2=NN3C=CN=C3C=C2,n
493040.0,103905680.0,49831051.0,0.0,0,CN1C=C(C2=C1C=CC(=C2)C#N)C3=CC4=NC(=CN=C4N3)Br,n
493040.0,103905685.0,49831052.0,0.0,0,C1=CC2=CN=C(C=C2C=C1Br)NC3=NC=NC=C3,n
493040.0,103904684.0,135398510.0,0.0,0,CN1CCN(CC1)C2=CC3=C(C=C2)N=C(N3)C4=C(C5=C(C=CC=C5F)NC4=O)N,n
493040.0,103905607.0,135398512.0,0.0,0,CC1=C2C(=NN1)NC3=CC(=C(C=C3C(=N2)C4=CC=CC=C4Cl)F)OC,n
493040.0,103905604.0,135536753.0,0.0,0,CC1=CC(=O)C2=C(O1)C=C(C(=C2OC)C3=NC4=CC=CC=C4N3)O,n
493040.0,103905163.0,135564570.0,0.0,0,C1COCCN1CC2=CN=C(C=C2)C3=C(NC4=C3C=C(C=C4)C#N)O,n
493040.0,103904976.0,135976272.0,0.0,0,C1=CC2=C(C=C1Cl)C3=NC=NN3C(=O)N2,n
493040.0,103905311.0,135993697.0,0.0,0,CC1=NN(C2=C1C3=C(S2)C(=O)NC=N3)C,n
493040.0,103904441.0,136027060.0,0.0,0,C1=CC=C(C=C1)NC(=O)NN=CC2=CC(=C(C(=C2)Br)O)Br,n
493040.0,103904871.0,136027063.0,0.0,0,C1=CC2=C(C=CC=C2O)C(=C1)NC(=O)NC3=NC=CN=C3,n
493040.0,103904905.0,136027065.0,0.0,0,CCCCN(CCC#N)C(=O)C1=CC2=C(C=C1)N=C(N2)C3=NNC4=CC=CC=C43,n
493040.0,103905003.0,136027070.0,0.0,0,CC1=CC(=O)NC2=NNC(=C12)C3=CC=CC(=C3)C4=CC=C(C=C4)Cl,n
493040.0,103905334.0,136027076.0,0.0,0,CC1=CC(=O)NC2=NNC(=C12)C3=CC(=CC=C3)C(F)(F)F,n
493040.0,103905399.0,136027079.0,0.0,0,CCOC1=CC=CC=C1C2=CC(=CC=C2)C3=C4C(=CC(=O)NC4=NN3)C,n
493040.0,103905400.0,136027080.0,0.0,0,CC1=CC(=O)NC2=NNC(=C12)C3=CC=CC(=C3)C4=CC=C(C=C4)C#N,n
493040.0,103905588.0,136027089.0,0.0,0,CC(=O)OCCN1C2=C(C(=CC(=O)N2)C(F)(F)F)C(=N1)C3=CC(=CC=C3)Br,n
624829.0,103722924.0,126565.0,8.0,Kd,CC12C(CC(O1)N3C4=CC=CC=C4C5=C6C(=C7C8=CC=CC=C8N2C7=C53)CNC6=O)(CO)O,p
624829.0,103491101.0,11314340.0,3.5,Kd,CC1=C2C=C(C=CC2=NN1)C3=CC(=CN=C3)OCC(CC4=CC=CC=C4)N,p
624829.0,104246213.0,24180719.0,1.9,Kd,CCCS(=O)(=O)NC1=C(C(=C(C=C1)F)C(=O)C2=CNC3=C2C=C(C=N3)Cl)F,p
624829.0,104246801.0,42642645.0,0.13,Kd,COC1=CC2=C(C=CN=C2C=C1OCCCN3CCOCC3)OC4=C(C=C(C=C4)NC(=O)C5(CC5)C(=O)NC6=CC=C(C=C6)F)F,p
624829.0,123092542.0,135565635.0,6.3,Kd,CC(C)N1C2=NC=NC(=C2C(=N1)C3=CC4=C(N3)C=CC(=C4)O)N,p
738799.0,164138786.0,49838820.0,3.4,INH,CC(C)N1C=NC2=C(N=C(N=C21)NC3CCC(CC3)N)NCC4=C(C=CC(=C4)Cl)O,p
738799.0,164149980.0,71579160.0,10.0,INH,CCC(CO)NC1=NC(=C2C(=N1)N(C=N2)C(C)C)NCC3=C(C=CC(=C3)Cl)O,p
738799.0,164149801.0,71579247.0,4.1,INH,CC(C)N1C=NC2=C(N=C(N=C21)NCC(C)(C)O)NCC3=C(C=CC(=C3)Cl)O,p
738799.0,164146896.0,71579248.0,2.1,INH,CCC(C(C)O)NC1=NC(=C2C(=N1)N(C=N2)C(C)C)NCC3=C(C=CC(=C3)Cl)O,p
738799.0,164146897.0,71579249.0,1.8,INH,CC(C)N1C=NC2=C(N=C(N=C21)NC(C)C(C)(C)O)NCC3=C(C=CC(=C3)Cl)O,p
738799.0,164144152.0,71579250.0,2.5,INH,CCC(C(C)O)NC1=NC(=C2C(=N1)N(C=N2)C(C)C)NCC3=C(C=CC(=C3)F)O,p
738799.0,164135740.0,71579251.0,6.6,INH,CCC(CO)NC1=NC(=C2C(=N1)N(C=N2)C(C)C)NCC3=C(C=CC(=C3)F)O,p
1061648.0,194187060.0,16050817.0,0.0,0,COC(=O)C(CC1=CC=C(C=C1)O)NC(=O)C2=NC3=C(C=C(C=C3)C4=CC(=CC=C4)Cl)C(=C2)C(=O)O,n
1283616.0,336873889.0,118960212.0,0.71,IC50,CNC(=O)C1=CC2=C(NN=C2C=C1)CC3=CC4=C(C=C3)N(N=C4)C,p
1283620.0,336877493.0,118959784.0,0.025,IC50,CN1C=C(C=N1)C2=CC=C(C=C2)CC3=C4C=C(C=CC4=NN3)C(=O)N5CC(C5)(F)F,p
1283620.0,336873891.0,118959791.0,0.076,IC50,CC(C)(CN1C=C(C=N1)C2=CC=C(C=C2)CC3=C4C=C(C=CC4=NN3)C(=O)NC)O,p
1283620.0,336877071.0,118959844.0,0.27,IC50,CN1C=C(C=N1)C2=CC=C(C=C2)CC3=C4C=C(C=CC4=NN3)C(=O)N,p
1283620.0,336878776.0,118959907.0,0.082,IC50,CN1C=C(C=N1)C2=CC=C(C=C2)CC3=C4C=C(C=CC4=NN3)N5CCCC5=O,p
1283620.0,336873887.0,118959947.0,1.9,IC50,CC1=CC(=CC=C1)CC2=C3C=C(C=CC3=NN2)C(=O)NC,p
1283620.0,336878346.0,118959991.0,1.5,IC50,CN1C=C(C=N1)C2=CC=C(C=C2)CC3=C4C=C(C=CC4=NN3)C5=NC=CC(=C5)N,p
1283620.0,336878775.0,118959995.0,0.71,IC50,CN1C=C(C=N1)C2=CC=C(C=C2)CC3=C4C=C(C=CC4=NN3)NS(=O)(=O)C,p
1283620.0,336877069.0,118960049.0,0.053,IC50,CN1C=C(C=N1)C2=CC=C(C=C2)CC3=C4C=C(C=CC4=NN3)C(=O)N5CCC(C5)O,p
1283620.0,336877415.0,118960075.0,0.14,IC50,CN1C=C(C=N1)C2=CC=C(C=C2)CC3=C4C=C(C=CC4=NN3)C(=O)N5CCNCC5,p
1283620.0,336874754.0,118960086.0,0.043,IC50,CN1C2=C(C=C(C=C2)CC3=C4C=C(C=CC4=NN3)C(=O)N5CCC(C5)O)C=N1,p
1283620.0,336877494.0,118960168.0,0.094,IC50,CN1C=C(C=N1)C2=CC=C(C=C2)CC3=C4C=C(C=CC4=NN3)C(=O)N5CC(C5)O,p
1283620.0,336873890.0,118960186.0,0.055,IC50,CNC(=O)C1=CC2=C(NN=C2C=C1)CC3=CC=C(C=C3)C4=CN(N=C4)C,p
1283620.0,336873888.0,118960206.0,2.0,IC50,CNC(=O)C1=CC2=C(NN=C2C=C1)CC3=CC4=C(C=C3)C=NN4C,p
1283620.0,336874751.0,118960211.0,0.005,IC50,CN1C=C(C=N1)C2=CC=C(C=C2)CC3=C4C=C(C=CC4=NN3)C(=O)N5CCCC5,p
1283620.0,336877495.0,118960213.0,0.009,IC50,CN1C=C(C=N1)C2=CC=C(C=C2)CC3=C4C=C(C=CC4=NN3)C(=O)N5CC(C5)OC,p
1283620.0,336877492.0,118960250.0,0.1,IC50,CN1C=C(C=N1)C2=CC=C(C=C2)CC3=C4C=C(C=CC4=NN3)C(=O)NC5CC5,p
1283620.0,336874753.0,118960252.0,0.013,IC50,CN1C=C(C=N1)C2=CC=C(C=C2)CC3=C4C=C(C=CC4=NN3)C(=O)N5CCCCC5,p
1283620.0,336878774.0,118960270.0,0.11,IC50,CC(=O)NC1=CC2=C(NN=C2C=C1)CC3=CC=C(C=C3)C4=CN(N=C4)C,p
1283620.0,336879146.0,118960320.0,0.16,IC50,CN1C2=C(C=C(C=C2)CC3=C4C=C(C=CC4=NN3)C(=O)N5CC(C5)O)C=N1,p
1283620.0,336874752.0,118960328.0,0.027,IC50,CN1C=C(C=N1)C2=CC=C(C=C2)CC3=C4C=C(C=CC4=NN3)C(=O)N5CCC(C5)(F)F,p
1283620.0,336878778.0,118960335.0,0.313,IC50,CN1C=C(C=N1)C2=CC=C(C=C2)CC3=C4C=C(C=CC4=NN3)S(=O)(=O)NC5CC5,p
1283620.0,336877837.0,118974284.0,1.9,IC50,CN1C=CN=C1C2=CC3=C(NN=C3C=C2)CC4=CC=C(C=C4)C5=CN(N=C5)C,p
1283620.0,336874346.0,127031177.0,0.2,IC50,CN1C=C(N=C1)C2=CC3=C(NN=C3C=C2)CC4=CC=C(C=C4)C5=CN(N=C5)C,p
1283620.0,336874755.0,127031446.0,0.056,IC50,CN1C2=C(C=C(C=C2)CC3=C4C=C(C=CC4=NN3)C(=O)N5CCC(C5)(F)F)C=N1,p
1283620.0,336875656.0,127032020.0,0.011,IC50,CN1C=C(C=N1)C2=CC=C(C=C2)CC3=C4C=C(C=CC4=NN3)C(=O)N5CCOCC5,p
1283620.0,336879147.0,127034391.0,0.018,IC50,CN1C2=C(C=C(C=C2)CC3=C4C=C(C=CC4=NN3)C(=O)N5CC(C5)OC)C=N1,p
1283622.0,336874730.0,118959880.0,0.68,IC50,CC(=O)NCCNC1=CC2=C(NN=C2C=C1)CC3=CC=C(C=C3)C4=CN(N=C4)C,p
1283622.0,336875203.0,118959923.0,2.5,IC50,CNC(=O)C1=CC2=C(NN=C2C=C1)CC3=CC(=C(C=C3)OC)OC,p
1283622.0,336873342.0,127030505.0,0.84,IC50,CC(C)CC1=C2C=C(C=CC2=NN1)C(=O)NC,p
1295749.0,336899253.0,74221936.0,0.0425,IC50,C1CNC(=O)C12CCN(CC2)C3=C(C(=NC=C3C4=CC5=C(C=C4)C(=NN5)N)N)Cl,p
1295749.0,336899462.0,74221937.0,0.0053,IC50,CN1C=C(C=N1)C2=CC=C(C=C2)C3=CN=C(C(=C3N4CCC5(CC4)C(=O)NC(=O)N5)Cl)N,p
1295749.0,336899255.0,74222016.0,0.0052,IC50,CN1C2=C(CS1(=O)=O)C=C(C=C2)C3=CN=C(C(=C3N4CCC5(CC4)CNC(=O)O5)Cl)N,p
1295749.0,336899254.0,74222104.0,0.0128,IC50,CN1C=C(C=N1)C2=CC=C(C=C2)C3=CN=C(C(=C3N4CCC5(CC4)CNC(=O)O5)Cl)N,p
1295749.0,336897693.0,74222108.0,0.036,IC50,CN1C2=C(C=C(C=C2)C3=CN=C(C(=C3N4CCC5(CC4)CNC(=O)O5)Cl)N)C=N1,p
1295749.0,336899401.0,74222191.0,0.0087,IC50,CN1C=C(C=N1)C2=CC=C(C=C2)C3=CN=C(C(=C3N4CCC5(CCNC5=O)CC4)Cl)N,p
1295749.0,336899404.0,74222276.0,0.0011,IC50,CN1C2=C(CS1(=O)=O)C=C(C=C2)C3=CN=C(C(=C3N4CCC5(CCNC5=O)CC4)Cl)N,p
1295749.0,336897692.0,74222277.0,0.0118,IC50,CN1C2=C(C=C(C=C2)C3=CN=C(C(=C3N4CCC5(CCNC5=O)CC4)Cl)N)C=N1,p
1295749.0,336900272.0,74222520.0,0.0127,IC50,CN1C=C(C=N1)C2=CC=C(C=C2)C3=CN=C(C(=C3N4CCC5(CC4)CNC(=O)O5)C(F)(F)F)N,p
1295749.0,336899463.0,74222522.0,0.0021,IC50,CN1C=C(C=N1)C2=CC=C(C=C2)C3=CN=C(C(=C3N4CCC5(CCNC5=O)CC4)C(F)(F)F)N,p
1295749.0,336898450.0,74222612.0,0.101,IC50,CN1C2=C(CS1(=O)=O)C=C(C=C2)C3=CN=C(C(=C3N4CCC5(CC4)CNC(=O)O5)F)N,p
1295749.0,336898449.0,74222614.0,0.0184,IC50,CN1C2=C(CS1(=O)=O)C=C(C=C2)C3=CN=C(C(=C3N4CCC5(CCNC5=O)CC4)F)N,p
1295749.0,336899402.0,74222786.0,0.0086,IC50,CC(C)(CN1C=C(C=N1)C2=CC=C(C=C2)C3=CN=C(C(=C3N4CCC5(CCNC5=O)CC4)Cl)N)O,p
1295749.0,336900063.0,74222788.0,0.0225,IC50,CC(C)N1C=C(C=N1)C2=CC=C(C=C2)C3=CN=C(C(=C3N4CCC5(CCNC5=O)CC4)Cl)N,p
1295749.0,312384531.0,77050682.0,0.005,IC50,CN1C=C(C=N1)C2=CC=C(C=C2)C3=CN=CC(=C3N4CCC5(CCNC5=O)CC4)Cl,p
1295749.0,336899865.0,117072459.0,0.0136,IC50,C1CNC(=O)C12CCN(CC2)C3=C(C=NC=C3C4=CC5=C(C=C4)C(=NN5)N)Cl,p
1295749.0,336898348.0,117072461.0,0.0014,IC50,CN1C2=C(CS1(=O)=O)C=C(C=C2)C3=CN=CC(=C3N4CCC5(CC4)CNC(=O)O5)Cl,p
1295749.0,336898142.0,117072462.0,0.0735,IC50,CN1C2=C(CS1(=O)=O)C=C(C=C2)C3=CN=CC(=C3N4CCC5(CCCN5CCOC)CC4)Cl,p
1295749.0,336897691.0,118394955.0,0.0007,IC50,CN1C=C(C=N1)C2=CC=C(C=C2)C3=CN=CC(=C3N4CCC5(CC4)C(=O)NC(=O)N5C)Cl,p
1295749.0,336897946.0,118394959.0,0.0037,IC50,CN1C2=C(CS1(=O)=O)C=C(C=C2)C3=CN=CC(=C3N4CCC5(CC4)C(=NNC5=O)C(F)(F)F)Cl,p
1295749.0,336899788.0,118394996.0,8e-05,IC50,CC1=NNC(=O)C12CCN(CC2)C3=C(C=NC=C3C4=CC5=C(C=C4)N(S(=O)(=O)C5)C)Cl,p
1295749.0,336897945.0,118395000.0,0.0343,IC50,CN1C=C(C=N1)C2=CC=C(C=C2)C3=CN=CC(=C3N4CCC5(CC4)C(=O)NCC(=O)N5)Cl,p
1295749.0,336899881.0,118395090.0,0.0087,IC50,CN1C=C(C=N1)C2=CC=C(C=C2)C3=CN=CC(=C3N4CCC5(CC4)C(=O)NCN5)Cl,p
1295749.0,336899667.0,118395096.0,0.0046,IC50,C1CNC(=O)C12CCN(CC2)C3=C(C=NC=C3C4=CC=C(C=C4)C5=CN(N=C5)CCO)Cl,p
1295749.0,336899252.0,118395100.0,0.0238,IC50,CN1C=C(C=N1)C2=CC=C(C=C2)C3=CN=CC(=C3N4CCC5(CC4)CNC(=O)O5)C(F)(F)F,p
1295749.0,336899866.0,118395125.0,0.023,IC50,CN1C=C(C=N1)C2=CC=C(C=C2)C3=CN=CC(=C3N4CCC5(CC4)C(=O)NC(=O)N5)Cl,p
1295749.0,336899668.0,118395147.0,0.0195,IC50,CC1=NC(=CN1C)C2=CC=C(C=C2)C3=CN=CC(=C3N4CCC5(CCNC5=O)CC4)Cl,p
1295749.0,336897660.0,118407984.0,0.0335,IC50,CC1=NC2(CCN(CC2)C3=C(C=NC=C3C4=CC5=C(C=C4)N(S(=O)(=O)C5)C)Cl)C(=O)N1,p
1295749.0,336897948.0,118407987.0,0.0035,IC50,CN1C=C(C=N1)C2=CC=C(C=C2)C3=CN=CC(=C3N4CCC5(CCNC5=O)CC4)C(F)(F)F,p
1295749.0,336898757.0,118408035.0,0.0131,IC50,CC(C)(CN1C=C(C=N1)C2=CC=C(C=C2)C3=CN=CC(=C3N4CCC5(CCNC5=O)CC4)Cl)O,p
1295749.0,336900400.0,118408040.0,0.0554,IC50,CN1C=C(C=N1)C2=CC=C(C=C2)C3=CN=CC(=C3N4CCC5(CC4)CNC(=O)O5)F,p
1295749.0,336900566.0,118408043.0,0.0136,IC50,CN1C2=C(CS1(=O)=O)C=C(C=C2)C3=CN=CC(=C3N4CCC5(CC4)CNC(=O)O5)F,p
1295749.0,336897690.0,118408129.0,0.0018,IC50,CN1C2=C(C=CC(=C2)C3=CN=CC(=C3N4CCC5(CCNC5=O)CC4)Cl)C(=N1)N,p
1295749.0,336899785.0,118408131.0,0.0355,IC50,CN1C2=C(CS1(=O)=O)C=C(C=C2)C3=CN=CC(=C3N4CCC5(CC4)C(=O)NC(=O)N5)Cl,p
1295749.0,336900399.0,118408137.0,0.0145,IC50,CN1C2=C(CS1(=O)=O)C=C(C=C2)C3=CN=CC(=C3N4CCC5(CCNC5=O)CC4)F,p
1295749.0,336900273.0,118408140.0,0.0029,IC50,CNC1=NNC2=C1C=CC(=C2)C3=CN=CC(=C3N4CCC5(CCNC5=O)CC4)Cl,p
1295749.0,336897947.0,127045941.0,0.0074,IC50,CN1C2=C(CS1(=O)=O)C=C(C=C2)C3=CN=CC(=C3N4CCC(CC4)(CCN(C)C)C#N)Cl,p
1295749.0,336897949.0,127045942.0,0.0006,IC50,CN1C2=C(CS1(=O)=O)C=C(C=C2)C3=CN=CC(=C3N4CCC5(CCNC5=O)CC4)C(F)(F)F,p
1295749.0,336898140.0,127046087.0,0.342,IC50,CN1CCCC12CCN(CC2)C3=C(C=NC=C3C4=CC5=C(C=C4)N(S(=O)(=O)C5)C)Cl,p
1295749.0,336898141.0,127046088.0,0.621,IC50,CN1C=C(C=N1)C2=CC=C(C=C2)C3=CN=CC(=C3N4CCC5(CCCN5CCOC)CC4)Cl,p
1295749.0,336898411.0,127046293.0,0.0863,IC50,CN1C2=C(CS1(=O)=O)C=C(C=C2)C3=CN=CC(=C3N4CCC5(CCCN5CCCOC)CC4)Cl,p
1295749.0,336898412.0,127046294.0,0.0754,IC50,CN1C2=C(CS1(=O)=O)C=C(C=C2)C3=CN=CC(=C3N4CCC5(CCCN5CCCS(=O)(=O)C)CC4)Cl,p
1295749.0,336899864.0,127046376.0,0.1153,IC50,C1CNC(=O)C12CCN(CC2)C3=C(C=NC=C3C4=CC5=C(C=C4)NS(=O)(=O)C5)Cl,p
1295749.0,336898774.0,127046538.0,0.001,IC50,CN1C2=C(CS1(=O)=O)C=C(C=C2)C3=CN=CC(=C3N4CCC5(CCNC5=O)CC4)Cl,p
1295749.0,336898775.0,127046539.0,0.015,IC50,CN1C2=C(CS1(=O)=O)C=CC(=C2)C3=CN=CC(=C3N4CCC5(CCNC5=O)CC4)Cl,p
1295749.0,336898777.0,127046541.0,3.433,IC50,CN1C=C(C=N1)C2=CC=C(C=C2)C3=CN=CC(=C3N4CCC5(CC4)COC(=O)N5)Cl,p
1295749.0,336898995.0,127046703.0,0.0239,IC50,CN(C)CCN1C=C(C=N1)C2=CC=C(C=C2)C3=CN=CC(=C3N4CCC5(CCNC5=O)CC4)Cl,p
1295749.0,336898996.0,127046704.0,0.0223,IC50,C1CCN(C1)CCN2C=C(C=N2)C3=CC=C(C=C3)C4=CN=CC(=C4N5CCC6(CCNC6=O)CC5)Cl,p
1295749.0,336899691.0,127047184.0,0.0146,IC50,CN1C=C(C=N1)C2=CC=C(C=C2)C3=CN=CC(=C3N4CCC5(CC4)CNC(=O)O5)Cl,p
1295749.0,336899880.0,127047300.0,0.109,IC50,CC1(C2(CCN(CC2)C3=C(C=NC=C3C4=CC5=C(C=C4)N(S(=O)(=O)C5)C)Cl)OC(=O)N1)C,p
1295749.0,336900061.0,127047427.0,0.0024,IC50,CN1CNC(=O)C12CCN(CC2)C3=C(C=NC=C3C4=CC=C(C=C4)C5=CN(N=C5)C)Cl,p
1295749.0,336900062.0,127047428.0,0.004,IC50,CN1C=C(C=N1)C2=CC=C(C=C2)C3=CN=CC(=C3N4CCC5(CC4)C(=O)NCN5CC(F)(F)F)Cl,p
1295749.0,336900251.0,127047567.0,0.0583,IC50,CC(C)N1C2=C(C=C(C=C2)C3=CN=C(C(=C3N4CCC5(CCNC5=O)CC4)Cl)N)C=N1,p
1295749.0,336900398.0,127047679.0,0.186,IC50,CN1C=C(C=N1)C2=CC=C(C=C2)C3=CN=CC(=C3N4CCC5(CCNC5=O)CC4)F,p
1295749.0,336900779.0,127047942.0,0.11,IC50,CN1C2=C(C=CC(=C2)C3=CN=CC(=C3N4CCC5(CCNC5=O)CC4)Cl)C(=N1)N(C)C,p
1299821.0,103342870.0,9878930.0,0.006,IC50,CC1=CC=C(C=C1)OC2=CN=CC3=C2C=C(S3)C(=O)N,p
1299821.0,103342755.0,9879529.0,0.0062,IC50,C1=CC(=CC=C1OC2=CN=CC3=C2C=C(S3)C(=O)N)Cl,p
1299821.0,103342868.0,9880710.0,0.075,IC50,CN(C)C(=O)C1=CC2=C(S1)C=NC=C2OC3=CC=C(C=C3)Cl,p
1299821.0,103343081.0,9880711.0,0.016,IC50,CCNC(=O)C1=CC2=C(S1)C=NC=C2OC3=CC=C(C=C3)Cl,p
1299821.0,103342833.0,9883504.0,0.0082,IC50,CNC(=O)C1=CC2=C(S1)C=NC=C2OC3=CC=C(C=C3)Cl,p
1299821.0,103343069.0,9900943.0,0.025,IC50,COC1=CC=C(C=C1)OC2=CN=CC3=C2C=C(S3)C(=O)N,p
1299821.0,336904571.0,10132287.0,0.024,IC50,C1CC1NC(=O)C2=CC3=C(S2)C=NC=C3OC4=CC=C(C=C4)Cl,p
1299821.0,103342886.0,10891751.0,0.0051,IC50,C1=CC(=CC=C1C#N)OC2=CN=CC3=C2C=C(S3)C(=O)N,p
1299821.0,336901539.0,10892544.0,0.062,IC50,COC(=O)C1=CC2=C(S1)C=NC=C2OC3=CC=C(C=C3)Cl,p
1299821.0,336901095.0,10924768.0,0.0028,IC50,C1=CC(=CC=C1OC2=CN=CC3=C2C=C(S3)C(=O)O)Cl,p
1299821.0,103342182.0,11120977.0,0.029,IC50,CC(=O)NC1=CC=C(C=C1)OC2=CN=CC3=C2C=C(S3)C(=O)N,p
1299821.0,336904575.0,11761387.0,0.0053,IC50,CNC(=O)C1=CC2=C(S1)C=NC=C2OC3=CC=C(C=C3)I,p
1299821.0,336902818.0,18516147.0,0.011,IC50,C1=CC(=CC=C1OC2=CN=C(C3=C2C=C(S3)C(=O)N)Cl)Cl,p
1299821.0,336904574.0,18516190.0,0.029,IC50,CCC(=O)C1=CC2=C(S1)C=NC=C2OC3=CC=C(C=C3)Cl,p
1299821.0,103627791.0,18516243.0,0.0011,IC50,C1=CC(=CC=C1OC2=CN=CC3=C2C=C(S3)C4=NNN=N4)Cl,p
1299821.0,103627034.0,25101222.0,0.003,IC50,C1=CC(=CC=C1C2=CC=C(C=C2)OC3=CN=CC4=C3C=C(S4)C5=NNN=N5)C(=O)N,p
1299821.0,103627722.0,44580674.0,0.0007,IC50,C1=CC(=CC=C1OC2=CN=CC3=C2C=C(S3)C4=NNN=N4)I,p
1299821.0,103627724.0,44580676.0,0.0083,IC50,C1=CC=C(C=C1)OC2=CN=CC3=C2C=C(S3)C4=NNN=N4,p
1299821.0,103627789.0,44580715.0,0.0016,IC50,CC1=CC=C(C=C1)OC2=CN=CC3=C2C=C(S3)C4=NNN=N4,p
1299821.0,336904573.0,53660487.0,0.032,IC50,CC(=O)C1=CC2=C(S1)C=NC=C2OC3=CC=C(C=C3)Cl,p
1299821.0,336901091.0,127048190.0,0.0011,IC50,C1=CC(=CC=C1OC2=CN=CC3=C2C=C(S3)C4=NNN=N4)OC(F)(F)F,p
1299821.0,336901092.0,127048191.0,0.001,IC50,C1=CC(=CC=C1C#N)OC2=CN=CC3=C2C=C(S3)C4=NNN=N4,p
1299821.0,336901093.0,127048192.0,0.002,IC50,CC(=O)NC1=CC=C(C=C1)OC2=CN=CC3=C2C=C(S3)C4=NNN=N4,p
1299821.0,336901094.0,127048193.0,0.0044,IC50,C1=CC(=CC=C1C(=O)N)OC2=CN=CC3=C2C=C(S3)C4=NNN=N4,p
1299821.0,336901491.0,127048505.0,0.059,IC50,C1CC1C(=O)C2=CC3=C(S2)C=NC=C3OC4=CC=C(C=C4)Cl,p
1299821.0,336902816.0,127049513.0,0.021,IC50,C1=CC(=CC=C1C(=O)N)OC2=CN=CC3=C2C=C(S3)C(=O)N,p
1299821.0,336902817.0,127049514.0,0.016,IC50,C1=CC(=CC=C1OC2=CN=C(C3=C2C=C(S3)C(=O)N)F)Cl,p
1299821.0,336902843.0,127049521.0,0.008,IC50,CC1=NC=C(C2=C1SC(=C2)C(=O)N)OC3=CC=C(C=C3)Cl,p
1299821.0,336903256.0,127049826.0,0.0055,IC50,C1=CC(=CC=C1OC2=CN=CC3=C2C=C(S3)C4=NNN=N4)F,p
1299821.0,336903689.0,127050128.0,0.012,IC50,C1=CC(=CC=C1OC2=CN=CC3=C2C=C(S3)C(=O)N)OC(F)(F)F,p
1299821.0,336903695.0,127050134.0,0.0015,IC50,C1=CC(=CC=C1OC2=CN=C(C3=C2C=C(S3)C(=O)N)N)Cl,p
1299821.0,336904572.0,127050763.0,0.1,IC50,CC(C)NC(=O)C1=CC2=C(S1)C=NC=C2OC3=CC=C(C=C3)Cl,p
1309854.0,336903204.0,126970673.0,0.81,IC50,CC1=C(C(=NN1C2CCN(CC2)C(=O)C(C)O)C)NC3=NC=C(C(=N3)C4=C5C=CC=CN5N=C4)Cl,p
1309854.0,336905736.0,127051599.0,0.042,IC50,CC(=O)N1CCC(CC1)N2C=C(C=N2)NC3=NC=C(C(=N3)C4=CN=C5N4C=CC=C5)Cl,p
1313396.0,336896481.0,118660560.0,0.0024,IC50,CN1C=C(C=N1)C2=CC=C(C=C2)C3=C4C(=CN=C3)C=CC(=N4)N5CCCC5=O,p
1313396.0,336894984.0,118660576.0,0.044,IC50,CC1(CN(C1)C(=O)C2=CC3=C(C=C2)C(=NC=C3C4=CC=C(C=C4)C5=CN(N=C5)C)N)OC,p
1313396.0,336895225.0,118660581.0,0.02,IC50,CN1C=C(C=N1)C2=CC=C(C=C2)C3=CN=C(C4=C3C=C(C=C4)N5CCOC5=O)N,p
1313396.0,336896676.0,118660591.0,0.012,IC50,CN1C=C(C=N1)C2=CC=C(C=C2)C3=CN=C(C4=C3C=C(C=C4)C(=O)N5CC(C5)OC)N,p
1313396.0,336895720.0,118660604.0,0.00071,IC50,CN1C=CN=C1C2=NC3=C(C=NC=C3C=C2)C4=CC=C(C=C4)C5=CN(N=C5)C,p
1313396.0,336894985.0,118660605.0,0.012,IC50,CN1C=C(C=N1)C2=CC=C(C=C2)C3=CN=C(C4=C3C=C(C=C4)C(=O)N5CC(C5)(F)F)N,p
1313396.0,336895722.0,118660612.0,0.0021,IC50,CN1C=C(C=N1)C2=CC=C(C=C2)C3=C4C=C(C=CC4=CN=C3)C(=O)NC5CC5,p
1313396.0,336895137.0,118660621.0,0.47,IC50,CN1C=C(C=N1)C2=CC=C(C=C2)C3=C4C(=CN=C3)C=CC(=N4)C5=CC=NN5C,p
1313396.0,336894969.0,118660623.0,0.0067,IC50,CN1C=C(C=N1)C2=CC=C(C=C2)C3=C4C=C(C=CC4=CN=C3)N5CCCS5(=O)=O,p
1313396.0,336894978.0,118660637.0,0.036,IC50,CN1C=C(C=N1)C2=CC=C(C=C2)C3=CN=C(C4=C3C=C(C=C4)C(=O)N5CCC5)N,p
1313396.0,336893968.0,118660644.0,0.0036,IC50,CNC(=O)C1=NC2=C(C=NC=C2C=C1)C3=CC=C(C=C3)C4=CN(N=C4)C,p
1313396.0,336895224.0,118660651.0,0.0091,IC50,CN1C=C(C=N1)C2=CC=C(C=C2)C3=CN=C(C4=C3C=C(C=C4)C(=O)NC5CC5)N,p
1313396.0,336895204.0,118660670.0,0.034,IC50,CN1C=C(C=N1)C2=CC=C(C=C2)C3=C4C=C(C=CC4=CN=C3)C5=NC=CO5,p
1313396.0,336894200.0,118660673.0,0.0069,IC50,CNC(=O)C1=NC2=C(C=NC=C2C=C1)C3=CC4=C(C=C3)C=NN4C,p
1313396.0,336894970.0,118660675.0,0.0056,IC50,CN1C=C(C=N1)C2=CC=C(C=C2)C3=C4C=C(C=CC4=CN=C3)S(=O)(=O)N,p
1313396.0,336894974.0,118660681.0,0.017,IC50,CN1C=C(C=N1)C2=CC=C(C=C2)C3=CN=C(C4=C3N=C(C=C4)C(=O)N5CC(C5)(F)F)N,p
1313396.0,336895212.0,118660701.0,0.021,IC50,CN1C=C(C=N1)C2=CC=C(C=C2)C3=CN=C(C4=C3N=C(C=C4)C(=O)N5CCC5)N,p
1313396.0,336894971.0,118660710.0,0.1,IC50,CN1C=C(C=N1)C2=CC=C(C=C2)C3=CN=C(C4=C3N=C(C=C4)C(=O)N5CCNCC5)N,p
1313396.0,336897210.0,118660717.0,0.026,IC50,CN1C=C(C=N1)C2=CC=C(C=C2)C3=C4C(=CN=C3)C=CC(=N4)C(=O)N5CC(C5)(F)F,p
1313396.0,336896191.0,118660721.0,0.029,IC50,CC(=O)NC1=CC2=C(C=C1)C(=NC=C2C3=CC=C(C=C3)C4=CN(N=C4)C)N,p
1313396.0,336894964.0,118660724.0,0.0062,IC50,CN1C=C(C=N1)C2=CC=C(C=C2)C3=C4C=C(C=CC4=CN=C3)C(=O)N5CC(C5)(F)F,p
1313396.0,336897206.0,118660735.0,0.0047,IC50,CN1C=C(C=N1)C2=CC=C(C=C2)C3=C4C(=CN=C3)C=CC(=N4)C(=O)O,p
1313396.0,336897204.0,118660737.0,0.0053,IC50,CNC(=O)C1=NC2=C(C=NC=C2C=C1)C3=CC4=C(C=C3)NS(=O)(=O)C4,p
1313396.0,336894977.0,118660753.0,0.16,IC50,CN1C=CN=C1C2=NC3=C(C=C2)C(=NC=C3C4=CC=C(C=C4)C5=CN(N=C5)C)N,p
1313396.0,336895719.0,118660754.0,0.016,IC50,CN1C=C(C=N1)C2=CC=C(C=C2)C3=C4C(=CN=C3)C=CC(=N4)C5=NC=CO5,p
1313396.0,336896429.0,118660757.0,0.816,IC50,CN1C=C(C=N1)C2=CC=C(C=C2)C3=C4C(=CN=C3)C=CC(=N4)N5CC(C5)OC,p
1313396.0,336894965.0,118660758.0,0.0049,IC50,CC(=O)NC1=CC2=C(C=NC=C2C=C1)C3=CC=C(C=C3)C4=CN(N=C4)C,p
1313396.0,336894963.0,118660764.0,0.011,IC50,CN1C=C(C=N1)C2=CC=C(C=C2)C3=C4C=C(C=CC4=CN=C3)C(=O)N5CC(C5)OC,p
1313396.0,336895205.0,118660774.0,0.0056,IC50,CN1C=CN=C1C2=CC3=C(C=NC=C3C=C2)C4=CC=C(C=C4)C5=CN(N=C5)C,p
1313396.0,336897208.0,118660778.0,0.0036,IC50,CN1C=C(C=N1)C2=CC=C(C=C2)C3=C4C(=CN=C3)C=CC(=N4)C(=O)N5CCC5,p
1313396.0,336896672.0,118660787.0,0.0009,IC50,CNC(=O)C1=NC2=C(C=NC=C2C=C1)C3=CC4=C(C=C3)N(S(=O)(=O)C4)C,p
1313396.0,336894972.0,118660788.0,0.052,IC50,CN1C=C(C=N1)C2=CC=C(C=C2)C3=CN=C(C4=C3N=C(C=C4)C(=O)N5CCOCC5)N,p
1313396.0,336896482.0,118660806.0,0.001,IC50,CN1C=C(C=N1)C2=CC=C(C=C2)C3=C4C(=CN=C3)C=CC(=N4)N5CCNC5=O,p
1313396.0,336893969.0,118660811.0,0.0054,IC50,CNC(=O)C1=NC2=C(C=NC=C2C=C1)C3=CC4=C(C=C3)N(N=C4)C,p
1313396.0,336894910.0,118660815.0,0.0018,IC50,CC(=O)NC1=NC2=C(C=NC=C2C=C1)C3=CC=C(C=C3)C4=CN(N=C4)C,p
1313396.0,336897207.0,118660828.0,0.39,IC50,CN1C=C(C=N1)C2=CC=C(C=C2)C3=C4C(=CN=C3)C=CC(=N4)C#N,p
1313396.0,336896235.0,118660833.0,0.0035,IC50,CN1C=C(C=N1)C2=CC=C(C=C2)C3=C4C(=CN=C3)C=CC(=N4)C(=O)N5CCCC5,p
1313396.0,336897209.0,118660837.0,0.0052,IC50,CN1C=C(C=N1)C2=CC=C(C=C2)C3=C4C(=CN=C3)C=CC(=N4)C(=O)N5CC(C5)OC,p
1313396.0,336895223.0,118660844.0,0.033,IC50,CC1(CN(C1)C(=O)C2=CC3=C(C=C2)C(=NC=C3C4=CC=C(C=C4)C5=CN(N=C5)C)N)F,p
1313396.0,336897205.0,118660845.0,0.0015,IC50,CN1C=C(C=N1)C2=CC=C(C=C2)C3=C4C(=CN=C3)C=CC(=N4)C(=O)N,p
1313396.0,336896236.0,118660850.0,0.013,IC50,CN1C=C(C=N1)C2=CC=C(C=C2)C3=C4C(=CN=C3)C=CC(=N4)C(=O)N5CCOCC5,p
1313396.0,336894973.0,118660866.0,0.012,IC50,CC1(CN(C1)C(=O)C2=NC3=C(C=C2)C(=NC=C3C4=CC=C(C=C4)C5=CN(N=C5)C)N)OC,p
1313396.0,336895211.0,118660867.0,0.0011,IC50,CN1C=C(C=N1)C2=CC=C(C=C2)C3=CN=C(C4=C3N=C(C=C4)C(=O)N5CC(C5)OC)N,p
1313396.0,336896480.0,118660879.0,0.025,IC50,CN1C=C(C=N1)C2=CC=C(C=C2)C3=C4C(=CN=C3)C=CC(=N4)C(=O)N5CCNCC5,p
1313396.0,336894975.0,118660891.0,0.037,IC50,CC1(CN(C1)C(=O)C2=NC3=C(C=C2)C(=NC=C3C4=CC=C(C=C4)C5=CN(N=C5)C)N)F,p
1313396.0,336894968.0,118660893.0,0.0046,IC50,CN1C=C(C=N1)C2=CC=C(C=C2)C3=C4C=C(C=CC4=CN=C3)N5CCOC5=O,p
1313396.0,336895721.0,118660909.0,0.0045,IC50,CNC(=O)C1=CC2=C(C=NC=C2C=C1)C3=CC=C(C=C3)C4=CN(N=C4)C,p
1313396.0,336894976.0,118660910.0,0.028,IC50,CN1C=C(C=N1)C2=CC=C(C=C2)C3=CN=C(C4=C3N=C(C=C4)C(=O)N5CCCC5)N,p
1313396.0,336894173.0,127043472.0,1.195,IC50,CN1C=C(C=N1)C2=CC=C(C=C2)C3=C4C(=CN=C3)C=CC(=N4)N5CCOCC5,p
1313396.0,336894253.0,127043532.0,0.0,Inhibition,CNC(=O)C1=NC2=C(C=C1)C(=NC=C2C3=CC4=C(C=C3)NS(=O)(=O)C4)N,n
1313396.0,336895718.0,127044488.0,1.23,IC50,CN1C=CC(=N1)C2=NC3=C(C=NC=C3C=C2)C4=CC=C(C=C4)C5=CN(N=C5)C,p
1315916.0,374345897.0,72548521.0,0.781,IC50,CCOC1=CC=CC=C1C(C)NC(=O)C2=NN3C(=NC=C3S2)C,p
1315916.0,374276150.0,72548523.0,0.077,IC50,CC1=NC=C2N1N=C(S2)C(=O)N3CCCC3C4=CC=CC=C4,p
1315916.0,374285716.0,72548748.0,0.129,IC50,CCOC1=CC=CC=C1CNC(=O)C2=NN3C(=NC=C3S2)C,p
1315916.0,374293477.0,72705882.0,0.017,IC50,CC1=NC=C2N1N=C(S2)C(=O)N3CCCC3C4=CC=C(C=C4)Cl,p
1315916.0,374278686.0,72705885.0,0.06,IC50,CC1=NC=C2N1N=C(S2)C(=O)N3CCCC3C4=CC=C(C=C4)F,p
1315916.0,374311050.0,91827689.0,0.0014,IC50,CC1=C2C=C(C=CC2=NN1)C(=O)N3CCCC3C4=CC=C(C=C4)Cl,p
1315916.0,374332876.0,118879399.0,0.015,IC50,CC1=C2C=C(C=CC2=NN1)C(=O)N3CCN(CC3C4=CC=C(C=C4)Cl)C,p
1315916.0,374310601.0,118879403.0,0.011,IC50,CC1=C2C=C(N=CC2=NN1)C(=O)N3CCCC3C4=CC=C(C=C4)Cl,p
1315916.0,374340199.0,118879418.0,0.032,IC50,C1CC(N(C1)C(=O)C2=CC3=C(C=C2)NN=C3N)C4=CC=C(C=C4)F,p
1315916.0,374287058.0,118879424.0,0.0054,IC50,CNC1=NNC2=C1C=C(C=C2)C(=O)N3CCCC3C4=CC=C(C=C4)Cl,p
1315916.0,374321817.0,118879437.0,0.0013,IC50,CC1=C2C(=NN1)C=CC(=N2)C(=O)N3CCCC3C4=CC=C(C=C4)Cl,p
1315916.0,374330879.0,118879442.0,0.0085,IC50,CC1=C2C=C(C=CC2=NN1)C(=O)N3CCOCC3C4=CC=C(C=C4)Cl,p
1315916.0,374331980.0,118879477.0,0.0031,IC50,C1CC(N(C1)C(=O)C2=CC3=C(C=C2)NN=C3N)C4=CC=C(C=C4)Br,p
1315916.0,374338202.0,118879484.0,0.049,IC50,C1CN(C1C2=CC=C(C=C2)F)C(=O)C3=CC4=C(C=C3)NN=C4N,p
1315916.0,374358405.0,118879516.0,0.045,IC50,C1CCN(C(C1)C2=CC=C(C=C2)F)C(=O)C3=CC4=C(C=C3)NN=C4N,p
1315916.0,374268016.0,118879520.0,0.0049,IC50,C1CC(N(C1)C(=O)C2=CC3=C(C=C2)NN=C3N)C4=CC=C(C=C4)Cl,p
1315916.0,374281304.0,118879529.0,0.0026,IC50,CC1=C2C=C(C=NC2=NN1)C(=O)N3CCCC3C4=CC=C(C=C4)Cl,p
1315916.0,374334851.0,130423545.0,0.0017,IC50,CC1=C2C=C(C=CC2=NN1)C(=O)N3CCC3C4=CC=C(C=C4)Cl,p
1315916.0,374295322.0,134139422.0,3.99,IC50,CC1=NN=C2N1C=C(C=C2)C(=O)N3CCCC3C4=CC=C(C=C4)Cl,p
1315916.0,374302042.0,134141248.0,0.032,IC50,C1CC(N(C1)C(=O)C2=CC3=C(C=C2)NN=C3)C4=CC=C(C=C4)Cl,p
1315916.0,374312367.0,134144159.0,0.024,IC50,C1CN(CC1C2=CC=C(C=C2)Cl)C(=O)C3=CC4=C(C=C3)NN=C4N,p
1315916.0,374324653.0,134147560.0,0.009,IC50,CC1=NC=C2N1C=C(C=C2)C(=O)N3CCCC3C4=CC=C(C=C4)Cl,p
1317359.0,374321087.0,78357764.0,0.016,IC50,CC(C)C1=C2C=C(C=CC2=NN1C)C3=NC(=NC=C3)NC4CCC(CC4)NC5CCOCC5,p
1355629.0,404689086.0,138453479.0,1.01,IC50,CC12CCC(CC1CCC3C2CCC4(C3CC=C4C5=CC6=C(C=C5)C=CN=C6)C)O,p
1355629.0,404652883.0,145950114.0,0.108,IC50,CC12CCC3C(C1CCC2C4=CC5=CN=C(N=C5C=C4)N)CC=C6C3(CCC(C6)O)C,p
1355629.0,404653297.0,145950417.0,0.024,IC50,CC12CCC(CC1CCC3C2CCC4(C3CCC4C5=CC6=C(C=C5)C=CN=C6)C)N7C=CN=N7,p
1355629.0,404653379.0,145950471.0,0.034,IC50,CC(=O)N(C)C1CCC2(C(C1)CCC3C2CCC4(C3CCC4C5=CC6=C(C=C5)C=CN=C6)C)C,p
1355629.0,404655492.0,145951944.0,0.682,IC50,CC12CCC3C(C1CCC2C4=CC5=C(C=C4)C(=NN5)N)CC=C6C3(CCC(C6)O)C,p
1355629.0,404655708.0,145952093.0,0.048,IC50,CC12CCC3C(C1CCC2C4=CC5=C(C=C4)C=CN=C5)CC=C6C3(CCC(C6)O)C,p
1355629.0,404656516.0,145952653.0,2.3,IC50,CC12CCC(CC1=CCC3C2CCC4(C3CC=C4C5=CC6=CN=C(N=C6C=C5)N)C)O,p
1355629.0,404657610.0,145953392.0,10.0,IC50,CC12CCC3C(C1CCC2C4=CC5=C(C=C4)C=NN5)CC=C6C3(CCC(C6)O)C,p
1355629.0,404658648.0,145954122.0,10.0,IC50,CC12CCC(CC1=CCC3C2CCC4(C3CC=C4C5=CC6=CN=NC=C6C=C5)C)O,p
1355629.0,404659592.0,145954767.0,0.016,IC50,CC12CCC3C(C1CCC2C4=CC5=C(C=C4)C=CN=C5)CC=C6C3(CCC(C6)N(C)C)C,p
1355629.0,404660183.0,145955173.0,8.24,IC50,CC12CCC(CC1=CCC3C2CCC4(C3CC=C4C5=CC6=C(C=C5)C=NC=C6)C)O,p
1355629.0,404660458.0,145955373.0,1.52,IC50,CC12CCC(CC1=CCC3C2CCC4(C3CC=C4C5=CC6=C(C=C5)C(=NN6)N)C)O,p
1355629.0,404661056.0,145955786.0,0.208,IC50,CC12CCC(CC1CCC3C2CCC4(C3CCC4C5=CC6=C(C=C5)C=CN=C6)C)O,p
1355629.0,404661848.0,145956330.0,6.0,IC50,CC12CCC3C(C1CCC2C4=CC5=C(C=C4)C=NC=C5)CC=C6C3(CCC(C6)O)C,p
1355629.0,404664099.0,145957887.0,0.12,IC50,CC12CCC(CC1CCC3C2CCC4(C3CCC4C5=CC6=C(C=C5)C=CN=C6)C)N7CCOCC7,p
1355629.0,404666435.0,145959531.0,1.32,IC50,CC12CCC(CC1CCC3C2CCC4(C3CCC4C5=CC6=C(C=C5)C=CN=C6)C)NC,p
1355629.0,404666551.0,145959610.0,0.064,IC50,CC12CCC(CC1CCC3C2CCC4(C3CCC4C5=CC6=C(C=C5)C=CN=C6)C)N(C)C,p
1355629.0,404668292.0,145960799.0,10.0,IC50,CC12CCC3C(C1CCC2C4=CC5=C(C=C4)NN=C5)CC=C6C3(CCC(C6)O)C,p
1355629.0,404669209.0,145961407.0,0.164,IC50,CC12CCC(CC1=CCC3C2CCC4(C3CC=C4C5=CC6=C(C=C5)C=CN=C6)C)O,p
1355629.0,404671415.0,145962937.0,10.0,IC50,CC12CCC(CC1=CCC3C2CCC4(C3CC=C4C5=CC6=C(C=C5)C=NN6)C)O,p
1355629.0,404690125.0,145975477.0,10.0,IC50,CC12CCC(CC1=CCC3C2CCC4(C3CC=C4C5=CC6=C(C=C5)NN=C6)C)O,p
1355629.0,404692739.0,145977216.0,10.0,IC50,CC12CCC3C(C1CCC2C4=CC5=CN=NC=C5C=C4)CC=C6C3(CCC(C6)O)C,p
1355635.0,404664235.0,145957989.0,0.017,IC50,CC12CC=C3C=C4C(C(C(CC45CCC3(C1CC=C2C6=CC7=C(C=C6)C=CN=C7)O5)N(C)C)O)O,p
1355636.0,404657475.0,145953305.0,0.0,0,CC12CCC(CC1CCC3C2CCC4(C3CCC4C5=CC6=C(C=C5)C=CN=C6)C)N(C)CCCCCOCCOCCNC7=CC=CC8=C7C(=O)N(C8=O)C9CCC(=O)NC9=O,n
1378312.0,131285782.0,10177.0,2.2,IC50,C1=CC=C2C(=C1)C(=C(N2)O)C3=NC4=CC=CC=C4C3=O,p
1388653.0,381865585.0,71661259.0,0.024,IC50,CN1CCN(CC1)C(=O)C2=CC3=C(C=C2)C=C(C=C3)CCNC4=NC=NC5=C4C=C(C=C5)C#N,p
1388653.0,404680875.0,73776233.0,0.004,IC50,CC1=C2C3=C(CCCN3C(=N2)N4CCNCC4)C(=C1Br)Br,p
1388656.0,381862387.0,11561907.0,0.005,IC50,CC12CC=C3C=C4C(C(C(CC45CCC3(C1CCC2C6=CC7=C(C=C6)C=CN=C7)O5)N(C)C)O)O,p
1388656.0,404683283.0,56927063.0,0.28,IC50,C1=CC=C(C=C1)CCNC2=NC=NC3=C2C=C(C=C3)C#N,p
1388681.0,242216559.0,3835861.0,0.5,IC50,CC1CCC2=C(C1)C(=C(C(=N2)N)C#N)C3=CN=CC=C3,p
1419883.0,404708857.0,138728749.0,0.111,IC50,CC(=O)N1CCN(CC1)C2CCC(CC2)NC3=NC=NN4C3=C(C=C4)C5CCOCC5,p
1419883.0,404696751.0,145979845.0,0.043,IC50,CC(C)C1=C2C(=NC=NN2C=C1)NC3CCC(CC3)N4CCN(CC4)C(=O)C,p
1439521.0,381868036.0,16648944.0,0.093,IC50,CC1=C(N=NN1C2=CC3=C(ON=C3C=C2)C4=CC=CC=C4)C(=O)NC5=CC=CC(=C5)C(=O)C,p
1439521.0,381847754.0,45937557.0,0.036,IC50,COC1=CC=C(C=C1)CC(=O)N2CCN(CC2)C3=CC=C(C=C3)NC(=O)NC4=CC=CC(=C4)C(F)(F)F,p
1439521.0,381886067.0,46390532.0,0.009,IC50,C1=CC=C2C(=C1)NC(=O)C(=N2)CSC3=NN=C(S3)NC(=O)NC4=CC=CC(=C4)C(F)(F)F,p
1439521.0,381883307.0,50825578.0,0.183,IC50,C1CCN(C1)C(=O)CC2=NN=C(S2)NC(=O)NC3=CC(=CC=C3)Cl,p
1439521.0,381858115.0,137645874.0,0.0065,IC50,C1CN(CCC1CNC(=O)NC2=CC(=C(C=C2)Cl)Cl)C3=NSC(=N3)CC4=CC=C(C=C4)F,p
1440106.0,381839818.0,67129970.0,2.11,IC50,C1=CC2=C(C=C1NC3=NC4=C(C(=N3)NCC(F)(F)F)OC=C4)NN=C2,p
1450095.0,381887134.0,52917084.0,0.0,0,C1CC1S(=O)(=O)N2CCC3=C(C2)N4C=C(N=C(C4=N3)N5CCOCC5)C6=CN=C(N=C6)N,n
1450095.0,381839145.0,52917534.0,0.0,0,CS(=O)(=O)N1CCC2=C(C1)N=C3N2C=C(N=C3N4CCOCC4)C5=CN=C(N=C5)N,n
1463327.0,381846498.0,23390220.0,0.28,IC50,C1=CN=CC=C1C2=CNC(=C2)C#N,p
1463327.0,381852631.0,68905654.0,0.17,IC50,C1=CN=CC=C1C2=CNC(=C2)C(=O)N,p
1463327.0,381849099.0,81689726.0,0.005,IC50,C1=CN=CC=C1C2=CNC(=C2Cl)C(=O)N,p
1463327.0,381838355.0,86274747.0,4.95,IC50,CN1C=C(C=C1C(=O)N)C2=CC=NC=C2,p
1463327.0,381846320.0,86274748.0,0.17,IC50,C1=CC=C(C=C1)CN2C=C(C=C2C(=O)N)C3=CC=NC=C3,p
1463327.0,381865993.0,86274749.0,0.087,IC50,CC1=C(C=CN=C1)C2=CNC(=C2)C(=O)N,p
1463327.0,381839499.0,86274982.0,0.16,IC50,C1=CN=CC=C1C2=C(NC(=C2)C(=O)N)Cl,p
1463327.0,381847333.0,86274983.0,0.24,IC50,CC1=C(C=C(N1)C(=O)N)C2=CC=NC=C2,p
1463327.0,381853799.0,86274985.0,0.019,IC50,C1=CN=CC(=C1C2=CNC(=C2)C(=O)N)Cl,p
1463327.0,381869841.0,86274986.0,0.037,IC50,C1=CN=CC(=C1C2=CNC(=C2)C(=O)N)Br,p
1463327.0,381877549.0,86274989.0,0.003,IC50,C1=CN=CC=C1C2=CNC(=C2C(F)(F)F)C(=O)N,p
1463327.0,381860879.0,86275227.0,0.48,IC50,CC1=NC=CC(=C1)C2=CNC(=C2)C(=O)N,p
1463327.0,381881943.0,86275228.0,0.35,IC50,C1=CN=C(C=C1C2=CNC(=C2)C(=O)N)Cl,p
1463327.0,381847721.0,86275229.0,0.019,IC50,CC1=NC=CC(=C1)C2=CNC(=C2C)C(=O)N,p
1463327.0,381865280.0,117605645.0,0.013,IC50,CCC1=C(NC=C1C2=CC=NC=C2)C(=O)N,p
1463327.0,381886260.0,117605934.0,0.008,IC50,CC1=C(NC=C1C2=CC=NC=C2)C(=O)N,p
1463327.0,381877554.0,129316487.0,0.41,IC50,CNC(=O)C1=CC(=CN1)C2=CC=NC=C2,p
1463327.0,381849645.0,137640155.0,0.01,IC50,CC1=C(C=CN=C1)C2=CNC(=C2C)C(=O)N,p
1463327.0,381860392.0,137647437.0,4.63,IC50,CCC1=C(C=CN=C1)C2=CNC(=C2)C#N,p
1466029.0,381860481.0,125487493.0,0.051,IC50,CN1C=C(C=N1)C2=C(C=NC=C2)C=CC(=O)NC3=CC=CC=C3,p
1466029.0,381837523.0,126568381.0,0.99,IC50,CN1C=C(C=N1)C2=CC(=NC=C2C=CC(=O)NC3=CC=C(C=C3)CN4CCOCC4)N,p
1466029.0,381840512.0,126568395.0,0.0032,IC50,CN1C=C(C=N1)C2=C(C=NC=C2)C=CC(=O)NC3=CC4=C(CCN(C4)CC(F)(F)F)C=C3,p
1466029.0,381854513.0,126568404.0,0.011,IC50,CN1C=C(C=N1)C2=C(C=NC=C2)C=CC(=O)NC3=CC=C(C=C3)CN4CC(C4)(F)F,p
1466029.0,381844591.0,126568413.0,0.0025,IC50,C1CC1N2C=C(C=N2)C3=C(C=NC=C3)C=CC(=O)NC4=CC=C(C=C4)CN5CC(C5)(F)F,p
1466029.0,381838982.0,126568428.0,0.016,IC50,CN1C=C(C=N1)C2=C(C=NC=C2)C=CC(=O)NC3=CC=C(C=C3)CN4CC5CC4CO5,p
1466029.0,381842428.0,126568459.0,0.0064,IC50,C1COCCN1CC2=CC=C(C=C2)NC(=O)C=CC3=C(C=CN=C3)C4=CN(N=C4)C(F)F,p
1466029.0,381869714.0,126568463.0,0.0064,IC50,C1CC1N2C=C(C=N2)C3=C(C=NC=C3)C=CC(=O)NC4=CC=C(C=C4)CN5CCOCC5,p
1466029.0,381869151.0,126568478.0,0.027,IC50,C1COCCN1CC2=CC=C(C=C2)NC(=O)C=CC3=C(C=CN=C3)C4=CSN=C4,p
1466029.0,381868232.0,126568496.0,0.00054,IC50,C1COCCN1CC2=CC=C(C=C2)NC(=O)C=CC3=C(C=CN=C3)C4=CNN=C4,p
1466029.0,381887640.0,126568503.0,4.8,IC50,CN1C=NC2=C1C=CC(=C2)C3=C(C=NC=C3)C=CC(=O)NC4=CC=C(C=C4)CN5CCOCC5,p
1466029.0,381858321.0,126568509.0,0.0071,IC50,C1CC1N2C=C(C=N2)C3=C(C=NC=C3)C=CC(=O)NC4=CC5=C(CN(CC5)CC(F)(F)F)C=C4,p
1466029.0,381844658.0,126568548.0,0.0065,IC50,C1CC1N2C=C(C=N2)C3=C(C=NC=C3C=CC(=O)NC4=CC=C(C=C4)CN5CCOCC5)F,p
1466029.0,381852761.0,126568570.0,0.0081,IC50,COC1=NC=C(S1)C2=C(C=NC=C2)C=CC(=O)NC3=CC=C(C=C3)CN4CCOCC4,p
1466029.0,381884275.0,126568590.0,0.0045,IC50,C1COCCN1CC2=CC=C(C=C2)NC(=O)C=CC3=C(C=CN=C3)C4=CN(N=C4)CC5=CC=CC=C5,p
1466029.0,381861799.0,126568629.0,0.0015,IC50,C1COCCN1CC2=CC=C(C=C2)NC(=O)C=CC3=C(C=CN=C3)C4=CC5=C(C=C4)N=CN5,p
1466029.0,381865458.0,126568659.0,0.041,IC50,CN1C=C(C=N1)C2=C(C=NC=C2)CCC(=O)NC3=CC=C(C=C3)CN4CCOCC4,p
1466029.0,381841089.0,126568661.0,0.0065,IC50,CN1C=C(C=N1)C2=C(C=NC=C2)C=CC(=O)NC3=CC=C(C=C3)CN4CCOCC4,p
1466029.0,381848601.0,126568663.0,0.0025,IC50,CN1C=NC2=C1C=C(C=C2)C3=C(C=NC=C3)C=CC(=O)NC4=CC=C(C=C4)CN5CCOCC5,p
1466029.0,381845142.0,126568668.0,0.0096,IC50,C1CC1N2C=C(C=N2)C3=C(C=NC=C3)C=CC(=O)NC4=CC=C(C=C4)CN5CC6CC5CO6,p
1466029.0,381869613.0,126568669.0,0.0067,IC50,CC1CN(CCO1)CC2=CC=C(C=C2)NC(=O)C=CC3=C(C=CN=C3)C4=CN(N=C4)C,p
1466029.0,381865799.0,126568696.0,0.0083,IC50,C1COCCN1CC2=CC=C(C=C2)NC(=O)C=CC3=C(C=CN=C3)C4=CC=C(S4)C(=O)N,p
1466029.0,381880826.0,126568714.0,0.041,IC50,C1COCCN1CC2=CC=C(C=C2)NC(=O)C=CC3=C(C=CN=C3)C4=CN=CS4,p
1466029.0,381844717.0,126568746.0,0.02,IC50,CC1COCCN1CC2=CC=C(C=C2)NC(=O)C=CC3=C(C=CN=C3)C4=CN(N=C4)C,p
1466029.0,381847395.0,126568757.0,0.0063,IC50,CN1C=C(C=N1)C2=C(C=NC=C2)C=CC(=O)NC3=CC=C(C=C3)CN4C5CCC4COC5,p
1466029.0,381885408.0,126568827.0,0.0062,IC50,CN1C=C(C=N1)C2=C(C=NC=C2)C=CC(=O)NC3=CC=C(C=C3)CN4CCC(C4)(F)F,p
1466029.0,381861271.0,126568853.0,0.028,IC50,C1COCCN1CC2=CC=C(C=C2)NC(=O)C=CC3=C(C=CN=C3)C4=CN(N=C4)CC(F)(F)F,p
1466029.0,381857527.0,126568856.0,0.0052,IC50,CN1C=C(C=N1)C2=C(C=NC=C2C=CC(=O)NC3=CC=C(C=C3)CN4CCOCC4)F,p
1466029.0,381887793.0,126568894.0,0.028,IC50,COC1=CC=C(S1)C2=C(C=NC=C2)C=CC(=O)NC3=CC=C(C=C3)CN4CCOCC4,p
1466029.0,381842931.0,126584616.0,0.0045,IC50,CN1C=C(C=N1)C2=C(C=NC=C2)C=CC(=O)NC3=CC4=C(CN(CC4)CC(F)(F)F)C=C3,p
1466029.0,381863696.0,126584619.0,0.0067,IC50,C1CC1N2C=C(C=N2)C3=C(C=NC=C3)C=CC(=O)NC4=CC=C(C=C4)CN5CC6CC(C5)O6,p
1466029.0,381869430.0,126584623.0,0.029,IC50,C1CC1N2C=C(C=N2)C3=C(C=NC=C3)CCC(=O)NC4=CC=C(C=C4)CN5CCOCC5,p
1474300.0,381882329.0,137062026.0,0.031,IC50,C1CCNC2=NN3C(=NC=C3C4=CC(=CC=C4)OCC1)C=C2,p
1474303.0,312375046.0,68115559.0,0.022,IC50,C1CC(CCC1N2CCOCC2)OC3=C4C5=C(CCC5CC(=O)N)SC4=NC=N3,p
1474306.0,381840762.0,21039588.0,0.2,EC50,CSC1=C2C(=C(S1)C(=O)N)CCC3=C2ON=C3,p
1474306.0,381842753.0,59088919.0,0.025,EC50,CN1C2=C(CCC3=C(SC(=C32)SC)C(=O)N)C=N1,p
1474306.0,381855001.0,70030697.0,1.3,EC50,CSC1=C2C(=C(S1)C(=O)N)CCC3=C2NN=C3,p
1474306.0,381847589.0,125501579.0,0.0091,EC50,COC1=C2C(=C(S1)C(=O)N)CCC3=C2SN=C3,p
1474306.0,381872777.0,125501590.0,0.003,EC50,C1CC2=C(SC(=C2C3=C1C=NS3)OC4=CN=CC=C4)C(=O)N,p
1474306.0,381859697.0,125501624.0,0.0089,EC50,CSC1=C2C(=C(S1)C(=O)N)CCC3=C2SN=C3,p
1474306.0,381884332.0,125501625.0,0.22,EC50,CS(=O)(=O)C1=C2C(=C(S1)C(=O)N)CCC3=C2SN=C3,p
1474306.0,381857286.0,125501655.0,0.49,EC50,CSC1=C2C(=C(S1)C#N)CCC3=C2SN=C3,p
1474306.0,381841272.0,125501676.0,0.066,EC50,C1CC2=C(SC(=C2C3=C1C=NS3)OC4=CC=CC=N4)C(=O)N,p
1474306.0,381844310.0,125501693.0,0.55,EC50,CSC1=C2C(=C(S1)C(=O)N)CCC3=C2SN=N3,p
1474306.0,381857686.0,125501698.0,0.00077,EC50,C1CC2=C(SC(=C2C3=C1C=NS3)OC4=CC=CC=C4)C(=O)N,p
1474306.0,381850465.0,126511850.0,0.0023,EC50,C1CC2=C(SC(=C2C3=C1C=NS3)OC4=CN=C(C=C4)N)C(=O)N,p
1474306.0,381839826.0,126511854.0,0.0013,EC50,COCCNC(=O)C1=NC=C(C=C1)OC2=C3C(=C(S2)C(=O)N)CCC4=C3SN=C4,p
1474306.0,381880698.0,126511857.0,0.07,EC50,CS(=O)C1=C2C(=C(S1)C(=O)N)CCC3=C2SN=C3,p
1474306.0,381854029.0,126511881.0,0.0074,EC50,CC(C)(CNC(=O)C1=NC=C(C=C1)OC2=C3C(=C(S2)C(=O)N)CCC4=C3SN=C4)O,p
1474306.0,381848746.0,126511887.0,0.002,EC50,CC1=C(C=CC=N1)OC2=C3C(=C(S2)C(=O)N)CCC4=C3SN=C4,p
1474306.0,381864165.0,126511899.0,0.0026,EC50,CNC(=O)C1=NC=C(C=C1)OC2=C3C(=C(S2)C(=O)N)CCC4=C3SN=C4,p
1474306.0,381852544.0,126511903.0,0.0083,EC50,CC1=C(C=CC=[N+]1[O-])OC2=C3C(=C(S2)C(=O)N)CCC4=C3SN=C4,p
1474306.0,381849756.0,126511904.0,0.00035,EC50,CC1=C(C=CC(=N1)C(=O)NCCOC)OC2=C3C(=C(S2)C(=O)N)CCC4=C3SN=C4,p
1474306.0,381841912.0,126511912.0,0.016,EC50,CC1=C(C=NC=C1)OC2=C3C(=C(S2)C(=O)N)CCC4=C3SN=C4,p
1474306.0,381842852.0,126511919.0,0.89,EC50,CSC1=C2C(=C(S1)C(=O)NC3=NOC=C3)CCC4=C2SN=C4,p
1474306.0,381843401.0,126511932.0,0.003,EC50,CC1=NC=C(C=C1)OC2=C3C(=C(S2)C(=O)N)CCC4=C3SN=C4,p
1474306.0,381844416.0,126511934.0,0.14,EC50,CNC(=O)C1=C2CCC3=C(C2=C(S1)SC)SN=C3,p
1474306.0,381843355.0,126511947.0,0.00058,EC50,CNC1=NC=C(C=C1)OC2=C3C(=C(S2)C(=O)N)CCC4=C3SN=C4,p
1474306.0,381865633.0,126511985.0,0.0015,EC50,CCOCCNC(=O)C1=NC=C(C=C1)OC2=C3C(=C(S2)C(=O)N)CCC4=C3SN=C4,p
1474306.0,381861216.0,126511997.0,0.62,EC50,CSC1=C2C(=C(S1)C(=O)NC3=NSC=C3)CCC4=C2SN=C4,p
1474306.0,381856524.0,126511999.0,0.0004,EC50,CC(=O)NC1=NC=C(C=C1)OC2=C3C(=C(S2)C(=O)N)CCC4=C3SN=C4,p
1474306.0,381857360.0,126512018.0,1.7,EC50,CN(C)C(=O)C1=C2CCC3=C(C2=C(S1)SC)SN=C3,p
1474306.0,381849056.0,126512048.0,0.028,EC50,CC1=CC(=CN=C1)OC2=C3C(=C(S2)C(=O)N)CCC4=C3SN=C4,p
1474306.0,381845692.0,126512118.0,0.0014,EC50,C1CC2=C(SC(=C2C3=C1C=NS3)OC4=CN=C(C=C4)C(=O)N)C(=O)N,p
1474306.0,381850851.0,126512125.0,2.8,EC50,CSC1=C2C(=C(S1)C(=O)NC3=CC=CC=N3)CCC4=C2SN=C4,p
1474306.0,381871140.0,126512274.0,1.4,EC50,CN1C=CC(=N1)NC(=O)C2=C3CCC4=C(C3=C(S2)SC)SN=C4,p
1474306.0,381842448.0,126549930.0,0.021,EC50,CN(C)C(=O)C1=NC=C(C=C1)OC2=C3C(=C(S2)C(=O)N)CCC4=C3SN=C4,p
1474368.0,381841464.0,125501420.0,0.0095,IC50,CSC1=C2C(=C(S1)C(=O)O)CCC3=C2SN=C3,p
1474368.0,381883482.0,126512116.0,0.54,IC50,CSC1=C2C(=C(S1)C(=O)NC3=CC=CC=C3)CCC4=C2SN=C4,p
1474371.0,381871001.0,75202254.0,0.0004,IC50,C1=CC=C(C=C1)C(CO)NC2=CN=CC(=C2)C3=CC4=C(C=C3)NN=C4,p
1474371.0,381867742.0,136215760.0,0.0002,IC50,C1=CC=C(C=C1)C(CO)NC2=NC(=CN=C2)C3=CC(=C(C=C3)O)Cl,p
1476232.0,381885613.0,132204257.0,0.048,IC50,CC(C)(C)C1=CC(=NO1)NC(=O)NC2=CC=C(C=C2)N3C4=NC=NC(=C4C(=N3)C5=CC=C(C=C5)OCCN6CCOCC6)N,p
1526306.0,440141946.0,155531579.0,0.299,Kd,[B-]1(N2C(=CC(=C2C=C3[N+]1=C(C=C3)CCC(=O)NCCOCCOCCOCCNC4CC5N6C7=CC=CC=C7C8=C9C(=C1C2=CC=CC=C2N(C1=C86)C(C4OC)(O5)C)CNC9=O)C)C)(F)F,p
1526306.0,440185933.0,155552127.0,0.148,Kd,[B-]1(N2C(=CC(=C2C=C3[N+]1=C(C=C3)CCC(=O)NCCOCCOCCOCCN(C)C4CC5N6C7=CC=CC=C7C8=C9C(=C1C2=CC=CC=C2N(C1=C86)C(C4OC)(O5)C)CNC9=O)C)C)(F)F,p
1526942.0,440132424.0,139582016.0,0.068,IC50,COC(=O)N1CCN(CC1)C2CCC(CC2)NC3=NC=NC4=C3C=C(C=C4)C#N,p
1528742.0,440114584.0,136333957.0,0.351,IC50,CC1=C(C=NN1)C2=CC3=C(S2)C(=O)NC(=N3)C4CCCCN4.Cl.Cl,p
1536865.0,440218688.0,5640185.0,1.3,IC50,COC1=CC=C(C=C1)C(=O)C2=CN=C3C=CC(=CC3=C2N4CCCCC4)F,p
1536865.0,440146170.0,26471503.0,2.9,IC50,COC1=CC=C(C=C1)CNC2=C3C(=CSC3=NC=N2)C4=CC=CC=C4,p
1541941.0,440132018.0,132180482.0,0.001,IC50,CN(C)C(=O)CN1C=C(C=N1)C2=CC=C(C=C2)C3=CN=CC4=CC=CC=C43,p
1541945.0,440123660.0,155519717.0,0.6,Kd,CC1=NC(=CO1)CC(=O)N2CCN(CC2)C3=CN=CC4=CC=CC=C43,p
1541945.0,440130901.0,155524325.0,0.03,Kd,CN1C2=C(C=CC(=C2)N3CCN(CC3)C4=CN=CC5=CC=CC=C54)C=N1,p
1541945.0,440211033.0,155562077.0,0.032,Kd,CC(=O)C1=CC2=C(C=NC=C2C=C1)N3CCN(CC3)C4=CC5=C(C=C4)C=NN5C,p
1577063.0,440121414.0,138911334.0,8.02,Kd,C1=CC2=C(C=CC(=C2)NC(=O)C3=CC(=C(C=C3)Cl)Cl)C=C1C(=O)NC4=NC=CS4,p
1609442.0,104250984.0,25125014.0,0.09,IC50,CC(C)C1=C2N=C(C=C(N2N=C1)NCC3=CC=CC=C3)NC(CO)C(CO)O,p
1609442.0,134463435.0,49867929.0,4.2,IC50,CC(C)C1=C2N=C(C=C(N2N=C1)NCC3=CC=CC=C3)NCCCCCCN,p
1609442.0,404718939.0,91844733.0,1.2,IC50,CC(C)C1=C2N=C(C=C(N2N=C1)NCC3=CC=CC=C3)NCC4CCNCC4O,p
1613754.0,440210847.0,769383.0,0.018,IC50,CC1=C(C=C(C=C1)NC(=O)NC2=CC=C(C=C2)CC3=CC=NC=C3)C,p
1613754.0,440127388.0,883778.0,0.047,IC50,CC1=C(C=C(C=C1)NC(=O)NC2=NN=C(S2)C3=CC(=CC=C3)F)C,p
1613754.0,440148332.0,39850573.0,0.386,IC50,C1=CC=C(C(=C1)NC2=C3C=C(C=CC3=NC=C2)F)F,p
1613758.0,440219884.0,73776232.0,0.0044,IC50,CC1=C2C3=C(CCCN3C(=N2)N4CCNCC4)C(=C1Br)Br.Cl,p
1613762.0,440219435.0,56646720.0,0.023,IC50,C1=CC(=CC=C1CCC2=NN=CO2)NC(=O)C=CC3=C(C=CN=C3)C4=CC=C(C=C4)F,p
1613762.0,440196077.0,86690228.0,0.0016,IC50,CC1=C(C=CC=N1)OC2=C3C(=C(S2)C(=O)N)CCC4=C3N(N=C4)C,p
1626393.0,440172378.0,117995570.0,0.0174,IC50,CNC1=NC=CC(=N1)N2CCC(C2)NC(=O)NC3=CC(=C(C=C3)CN4CCOCC4)C(F)(F)F,p
1626393.0,440165387.0,117995615.0,0.0101,IC50,CNC1=NC=CC(=N1)N2CCC(C2)NC(=O)NC3=CC(=C(C=C3)Cl)C(F)(F)F,p
1626393.0,440148687.0,117995665.0,0.0401,IC50,CNC1=NC=CC(=N1)N2CCC(C2)NC(=O)NC3=CC(=C(C=C3)CN(C)C)C(F)(F)F,p
1626393.0,440179348.0,117995668.0,0.143,IC50,CNC1=NC=CC(=N1)N2CCC(C2)NC(=O)NC3=CC=C(C=C3)OC(F)F,p
1626393.0,440197425.0,117995714.0,0.166,IC50,C1CN(CC1NC(=O)NC2=CC(=C(C=C2)Cl)C(F)(F)F)C3=NN4C=NN=C4C=C3,p
1626393.0,440170899.0,117995826.0,0.0184,IC50,CC1=C(C=C(C=C1)NC(=O)NC2CCN(C2)C3=NC(=NC=C3)NC)Cl,p
1626393.0,440126084.0,117995835.0,0.0999,IC50,CNC1=NC=CC(=N1)N2CCC(C2)NC(=O)NC3=CC(=C(C=C3)CN4CCC4)C(F)(F)F,p
1626393.0,440223533.0,117996022.0,0.0441,IC50,CNC1=NC=CC(=N1)N2CCC(C2)NC(=O)NC3=CC=C(C=C3)OC(F)(F)F,p
1626393.0,440125133.0,117996052.0,0.0423,IC50,C1CN(CC1NC(=O)NC2=CC(=C(C=C2)Cl)C(F)(F)F)C3=NC(=NC=C3)N,p
1626393.0,440127951.0,118002787.0,0.157,IC50,CNC1=NC=CC(=N1)N2CCC(C2)NC(=O)NC3=CC(=C(C=C3)CN4CCCC4)C(F)(F)F,p
1626393.0,440154160.0,118002788.0,0.0205,IC50,CNC1=NC=CC(=N1)N2CCC(C2)NC(=O)NC3=CC(=C(C=C3)CN4CCN(CC4)C)C(F)(F)F,p
1626393.0,440206437.0,118002790.0,0.0147,IC50,CCN1CCN(CC1)CC2=C(C=C(C=C2)NC(=O)NC3CCN(C3)C4=NC(=NC=C4)NC)C(F)(F)F,p
1626393.0,440110708.0,155511126.0,7.157,IC50,CNC1=NC=CC(=N1)N2CCC(C2)NC(=O)NC3=CC=C(C=C3)OC,p
1626393.0,440137417.0,155528575.0,0.0146,IC50,CNC1=NC=C(C(=N1)N)OC2=CC=CC(=C2)NC(=O)NC3=CC(=C(C=C3)Cl)C(F)(F)F,p
1626393.0,440138074.0,155529020.0,0.117,IC50,C1CN(CC1NC(=O)NC2=CC(=C(C=C2)Cl)C(F)(F)F)C3=CN=C(C=C3)C(F)(F)F,p
1626393.0,440144204.0,155533047.0,3.619,IC50,CNC1=NC=CC(=N1)N2CCC(C2)NC(=O)NC3=CC(=CC=C3)OC,p
1626393.0,440147245.0,155535068.0,0.0603,IC50,C1CN(CC1NC(=O)NC2=CC(=C(C=C2)Cl)C(F)(F)F)C3=NC=NC=C3,p
1626393.0,440182650.0,155550801.0,0.0089,IC50,CCNC1=NC=CC(=N1)N2CCC(C2)NC(=O)NC3=CC(=C(C=C3)Cl)C(F)(F)F,p
1626393.0,440194467.0,155555455.0,5.012,IC50,CNC1=NC=CC(=N1)N2CCC(C2)NC(=O)NC3=CC(=CC(=C3)OC)OC,p
1626393.0,440203568.0,155559121.0,3.478,IC50,CNC1=NC=CC(=N1)N2CCC(C2)NC(=O)NC3=CC=CC(=C3)C#N,p
1626393.0,440208763.0,155561159.0,0.0203,IC50,C1CC1NC2=NC=CC(=N2)N3CCC(C3)NC(=O)NC4=CC(=C(C=C4)Cl)C(F)(F)F,p
1641572.0,312390293.0,66764813.0,0.0,0,CC(C1CC1)(C2=CC=C(C=C2)C3=CN=C(N=C3)N)C4=NOC(=N4)C5=CN(N=C5)CC(=O)N(C)C,n
1642380.0,381885815.0,78319901.0,0.0,0,CC1CN(CC(O1)C)C2=NC=NC(=C2)C3=NNC4=C3C=C(C=C4)OC5(CC5)C,n
1643640.0,163327014.0,45279963.0,0.0,0,C1CC2=C(C=CC(=C2)NC3=C(C=C(C=C3)F)F)C(=O)C4=C1C=CC(=C4)OCC(CO)O,n
1645049.0,103277752.0,5025739.0,0.0,% Control,C1CN(CCN1CC2=NC3=CC=CC=C3N2)C4=CC=CC=N4,n
1645049.0,440156172.0,9837640.0,10.0,Kd,C1=CC=C2C(=C1)C(=O)N=C(S2)C3=CC=CC=N3,n
1645049.0,440165585.0,10278851.0,0.0,% Control,CN1C=NC=C1C(COC2=C(C=C(C=C2)C#N)C3=CC=C(C=C3)OC(F)(F)F)(C4=CC=C(C=C4)C#N)O,n
1645049.0,440217259.0,11364870.0,0.0,% Control,CC(=O)C1=C(C2=CC(=C(N=C2N(C1=O)C)C3=C(C=C(C=C3)Cl)Cl)C4=CC=C(C=C4)Cl)NS(=O)(=O)C,n
1645049.0,103478702.0,11386747.0,0.0,% Control,CC(=O)C1=C(C2=CC(=C(N=C2N(C1=O)C)C3=C(C=C(C=C3)Cl)Cl)C4=CC=C(C=C4)Cl)NC(=O)C,n
1645049.0,312359683.0,11525848.0,0.0,% Control,COC1=CC=CC(=C1)CNC(=O)C2=NC3=C(C(=CS3)COCC4=CC=C(C=C4)C(=O)O)C(=O)N2,n
1645049.0,103745040.0,11577204.0,0.0,% Control,C1CC(CCC1NS(=O)(=O)C(F)(F)F)(C2=C(C=CC(=C2)F)F)S(=O)(=O)C3=CC=C(C=C3)Cl,n
1645049.0,442046235.0,11772152.0,0.0,% Control,CSC1=C(N=CC=C1)N2CCN(CC2)CC3=NC4=CC=CC=C4N3,n
1645049.0,440159327.0,11996298.0,0.0,% Control,CN(C1=NC(=NC=C1)CNC2=NC(=NC=C2C(F)(F)F)NC3=CC4=C(C=C3)NC(=O)C4)S(=O)(=O)C,n
1645049.0,318390136.0,23728722.0,0.0,% Control,CC1=C(C(NC(=O)N1C2=CC=CC(=C2)C(F)(F)F)C3=CN=C(C=C3)C#N)C(=O)C,n
1645049.0,124963756.0,24771824.0,0.0,% Control,C1CN(CCC1=CC2=CC(=CC=C2)OC3=NC=C(C=C3)C(F)(F)F)C(=O)NC4=NN=CC=C4,n
1645049.0,242645573.0,25114442.0,0.0,% Control,COC1=CC2=C(C=C1)C=C(C=C2)OCC3(CN(C3)C(=O)C4=CC=C(C=C4)F)C(=O)O,n
1645049.0,194175385.0,25117126.0,0.0,% Control,CNC(=O)C1=CC=C(C=C1)NC2=NC=C(C(=N2)NCC3=NC=CN=C3N(C)S(=O)(=O)C)C(F)(F)F,n
1645049.0,134447941.0,25229646.0,0.0,% Control,C1CN(CCC1(C#N)C2=CC=CC=N2)CC3=C4C=CC=CN4C(=O)C(=C3)C(=O)O,n
1645049.0,134451810.0,42611190.0,0.0,% Control,C1CNCCC1C2=CC=C(C=C2)C3=C4C=CC(=CC4=CC(=C3)C(=O)O)C5=CC=C(C=C5)C(F)(F)F,n
1645049.0,318456509.0,42641861.0,0.0,% Control,CCC(=NO)C(=CC1=CC=C(C=C1)F)C,n
1645049.0,336898977.0,44470113.0,0.0,% Control,CC(C1=CC=CC(=C1)C#N)N2C=C(C=C(C2=N)C(=O)N)Cl,n
1645049.0,103683319.0,45268455.0,0.0,% Control,CN(C1CCC2=C(C3=CC=CC=C3N2C1)CC(=O)O)S(=O)(=O)C4=CC=C(C=C4)F,n
1645049.0,136929043.0,45376872.0,0.0,% Control,CCOC(=O)C1=CC2=C(N1)C=CC(=C2)C3=CC(=NN3C)C(=O)NCC4=CC=C(C=C4)C(=O)O,n
1645049.0,163339280.0,49821991.0,0.0,% Control,COCCOC1=NC(=NC2=C1CN(CC2)C(=O)C3=C4C=CC=CN4C=N3)C5=CN=C(C=C5)Cl,n
1645049.0,404679711.0,49846946.0,0.0,% Control,CC1(CCC(=C(C1)C2=CC=C(C=C2)Cl)CN3CCN(CC3)C4=CC(=C(C=C4)C(=O)NS(=O)(=O)C5=CC(=C(C=C5)NCC6CCC(CC6)OC)[N+](=O)[O-])OC7=CN=C8C(=C7)C=CN8)C,n
1645049.0,163338225.0,51031001.0,0.0,% Control,CC(=O)N1CCC(CC1)C2=C(C=C(C=C2)C(=O)N=C(N)N)C(F)(F)F,n
1645049.0,440132255.0,52916803.0,0.0,% Control,CS(=O)(=O)C1=NC=CC(=C1)C2(CC2)NC(=O)C3=CN=CC4=C3C=NN4C5=CC=C(C=C5)F,n
1645049.0,318444609.0,53251189.0,0.0,% Control,CC1=NC(=NC=C1)NC2=CC(=CC(=C2)C3=CN=C(S3)C4(CCC(C(C4)(C)C)C(=O)O)O)C,n
1645049.0,124976534.0,53326879.0,0.0,% Control,CN(C1CCC2=C(C3=C(N2C1)C=CC(=C3)S(=O)(=O)C)CC(=O)O)S(=O)(=O)C4=CC=C(C=C4)F,n
1645049.0,318374372.0,56645363.0,0.0,% Control,CC(C)(C1=CN=CC(=C1)C2=NC3=C(N2C4CC4)C=C(C=C3)F)O,n
1645049.0,381861468.0,56649300.0,0.0,% Control,CC1=C(C=CC(=C1)N2C(=NC(=N2)CC3=CC(=CC(=C3)F)C(F)(F)F)C)C(=O)N,n
1645049.0,134457814.0,56678756.0,0.0,% Control,CCC(=O)NC1CCC(C1)C(=O)N(C)C2=CC=C(C=C2)C3=NC4=CC=CC=C4O3,n
1645049.0,440202169.0,56849304.0,0.0,% Control,CN(C)C(=O)CN1C=C(C=N1)C2=NC(=NO2)C3(CC3)C4=CC=C(C=C4)C5=CN=C(N=C5)N,n
1645049.0,136938862.0,56850410.0,0.0,% Control,CN1C(=CC(=N1)C(=O)NCC2=CC=C(C=C2)C(=O)O)C3=CC4=C(C=C3)NC=C4,n
1645049.0,440157493.0,57861407.0,0.0,% Control,CCOCCN1C=C(C=CC1=O)C(=O)NC2=NC=C(C=C2)N3C(=CC(=N3)C4=CN=CC=C4)C(F)(F)F,n
1645049.0,440170635.0,58026161.0,0.0,% Control,CCS(=O)(=O)C1=NC=C2C(=C1)C=C(N2)CC(CC(C)(C)C3=C(C=C(C=C3)F)C(=O)N)(C(F)(F)F)O,n
1645049.0,440170924.0,58431184.0,0.0,% Control,CC(C(=O)NC1(CC1)C2=CC=CC=N2)NC(=O)C3=CN=C4N3C(C(=O)N4C5=CC(=C(C(=C5)Cl)F)Cl)(C)CC6=CC=C(C=C6)C#N,n
1645049.0,440225117.0,59126962.0,0.0,% Control,CC1=C(C=CC2=C1N=C(C=C2OC3CC4C(=O)NC5(CC5C=CCCCCCC(C(=O)N4C3)NC(=O)OC6CCCC6)C(=O)O)C7=CSC(=N7)NC(=O)C(C)C)OC,n
1645049.0,312361687.0,59447577.0,0.0,% Control,CN(C)CC#CC1=CC(=C(C=C1)OCCCC2=C(N=C(S2)N3CCC4=C(C3)C(=CC=C4)C(=O)NC5=NC6=CC=CC=C6S5)C(=O)O)F,n
1645049.0,318386330.0,59472574.0,0.0,% Control,CC1=CN(C=N1)C2=C(C=C(C=C2)C3=CN(N=N3)C4CCC5=C(C=CC=C5F)N(C4=O)CC(F)(F)F)OC,n
1645049.0,318372032.0,60195662.0,0.0,% Control,CC(C1=CC=C(C=C1)F)N(CC2=CC(=CC=C2)C(=O)O)C(=O)C3=CC4=CC=CC=C4N=C3,n
1645049.0,163325400.0,71455782.0,0.0,% Control,C1CCN(C1)C(=O)C2=CC(=C3C=CC=CN3C2=O)CN4CCC(CC4)(C#N)C5=CC=CC=N5,n
1645049.0,374280463.0,71623052.0,0.0,% Control,CC1=CC(=C(C=C1NC(=O)C2=CC(=CC(=C2)C#N)S(F)(F)(F)(F)F)N3C=CN4C3=CC(=N4)C5=CN=CC=C5)C,n
1645049.0,440175888.0,85469632.0,0.0,% Control,C1CC1C2C3(CCS(=O)(=O)CC3)C4=C(N2S(=O)(=O)C5=CC=C(C=C5)F)C=CC(=C4)C(=O)NCC6=C(C=C(C=N6)C(F)(F)F)Cl,n
1645049.0,318459881.0,87522699.0,0.0,% Control,CCC(=NO)C(=CC1=CC(=C(C=C1)F)C)C,n
1645049.0,336900042.0,89794927.0,0.0,% Control,CC1=NC(=NC=C1C2=C3C=NNC3=CC(=C2)C(F)(F)F)N4CCC(C4)O,n
1645049.0,440153796.0,91827581.0,0.0,% Control,CCCCN(CCCC)C(=O)CN1CC(C(C1CC(C)(C)CCC)C(=O)O)C2=CC3=C(C(=C2)OC)OCO3,n
1645049.0,440131550.0,91885570.0,0.0,% Control,CN1C(=CC(=N1)C(F)(F)F)C2=CN=C(N=C2)N3CCC4=C3C(=CC(=C4)S(=O)(=O)NC5=C(C=C(C=C5F)Cl)F)N6CCCC6=O,n
1645049.0,440174202.0,101933292.0,0.0,% Control,CCCOC1=CC=C(C=C1)C2C(C(CN2CC(=O)NC3=C(C=CC=C3CC)CC)C4=CC5=C(C=C4)OCO5)C(=O)O,n
1645049.0,440124631.0,118191391.0,0.0,% Control,CC1=C(C(=NN1CC2=CC=C(C=C2)C#N)C(F)(F)F)NC(=O)C3=CC(=NC4=C3C=CC(=C4)F)C(=O)N,n
1645049.0,440217121.0,118425786.0,0.0,% Control,C1CC(C(C1CN2C(=O)C3=CC=CC=C3N=N2)C(=O)O)C(=O)C4=CC=C(C=C4)OCCC5CCOCC5,n
1645049.0,318376732.0,118430456.0,0.0,% Control,CC1=C(C(=NN1C2=C(C=C(C=N2)C3CC3)F)OC(C)C)OC4=C(C=CC=C4F)F,n
1645049.0,404696611.0,118958122.0,0.0,% Control,CC(C(F)(F)F)N(CC1=CC=C(C=C1)F)C(=O)CN2C(=O)C3(CCC4=C3C=CC(=C4)NC(=O)NC)OC2=O,n
1645049.0,381840647.0,121301422.0,0.0,% Control,COC1=CC2=C(C=C1)C(CC(O2)C3=CC(=C(C=C3)OC)OC)NC(=O)C4(CC4)C5=CC6=C(C=C5)OC(O6)(F)F,n
1645049.0,318374355.0,122179556.0,0.0,% Control,C1CC1N2C3=C(C=C(C=C3)C(F)(F)F)N=C2C4=CN=CC=C4,n
1645049.0,440162092.0,124125214.0,0.0,% Control,C1=CC=C(C=C1)CC(=O)NC2=CC(=C(C=C2)OC3=CC(=CC=C3)Cl)S(=O)(=O)N,n
1645049.0,440194870.0,124203924.0,0.0,% Control,CC1=C(C(=NN1CC2=CC=C(C=C2)C(C)(C)C)C(F)(F)F)NC(=O)C3=CC(=NC4=C3C=CC(=C4)F)C(=O)N,n
1645049.0,404661187.0,131953432.0,0.0,% Control,C1C2C(C2CNC(=O)C3=CC4=NNN=C4C=C3)CN1C(=O)OCC5=CC(=CC(=C5)C(F)(F)F)C(F)(F)F,n
1645049.0,440120698.0,134128280.0,0.0,% Control,CN1CCN(CC1)C2=CC3=C(C(=NC=N3)C4CCN(CC4)C(=O)C5=C(C=C(C=C5)OC(F)(F)F)N)N=C2,n
1645049.0,440218803.0,134817183.0,0.0,% Control,CCC1=CC=CC=C1C(=O)NC2=NNC3=C(C(=C(C=C32)C4C(=C(N(C(=C4C#N)C)C)C)C#N)F)C,n
1645049.0,440177378.0,137332060.0,0.0,% Control,CC(C(F)(F)F)N(CC1=CC=C(C=C1)F)C(=O)CN2C(=O)C3(CCC4=C3C=C(C=C4)NC(=O)NC)OC2=O,n
1645049.0,440179305.0,137479135.0,0.0,% Control,CN(C)C1=NC=NC(=C1Cl)C2=CC3=C(C=C2)N=C(N3)NC4=NC=CC(=C4)CN5CCN(CC5)C(=O)CC(F)(F)F,n
1645049.0,381842065.0,137635074.0,0.0,% Control,C1=CC(=C(C=C1C#N)Cl)NC2=CC3=C(C=C2)NC(=O)N3,n
1645049.0,381887626.0,137662140.0,0.0,% Control,CC1=C(SC(=N1)CC2=CC(=CC=C2)C(F)(F)F)C3=CN=C(C=C3)C(=O)N,n
1645049.0,440162068.0,138973681.0,0.0,% Control,CC1=NC2=CC(=C(C=C2C(=N1)NC(C)C3=CC(=CS3)C4=CC=CC=C4CNC)OC)OC,n
1645049.0,440112062.0,139030333.0,0.0,% Control,C1CCC(CC1)CCCNC(=O)C2=CC=C(C=C2)CNC(=O)C3=C(N(N=C3)C4=CC=CC=C4)N,n
1645049.0,440134679.0,139600336.0,0.0,% Control,C1CN(C(C2=C1N=CC=C2)C3=CC=C(C=C3)F)C(=O)NC4=CN=C(N=C4)OC5=CC=C(C=C5)F,n
1645049.0,440223918.0,140309892.0,0.0,% Control,C1CC(=O)N(C1)C2=CC(=CC3=C2N(CC3)C4=NC=C(C=N4)N)S(=O)(=O)NC5=C(C=C(C=C5F)Cl)F,n
1645049.0,440178405.0,145925680.0,0.0,% Control,CC(C1=CC=CC=C1)NC(=O)NC2=NC(=C3C=NNC3=C2)CO,n
1645049.0,440175882.0,145925685.0,0.0,% Control,CC(C1=CC(=NC=C1)NC2=NC3=C(N2)C=C(C=C3)C4=CC(=NC=N4)N(C)C)N5CCN(CC5)C(=O)CC(F)(F)F,n
1645049.0,442046238.0,154701640.0,0.0,% Control,C1CC1C2=NOC(=N2)C3CC(CN(C3)C(=O)N4CCS(=O)(=O)CC4)C5=CC=C(C=C5)OC(F)(F)F,n
1645049.0,440132040.0,154701643.0,0.0,% Control,CC1=NC2=C(C(=N1)C3CCN(CC3)C(=O)C4=C(C=C(C=C4)OC(F)(F)F)N)N=CC(=C2)N5CCN(CC5)C,n
1645049.0,440156611.0,155540255.0,0.0,% Control,C1CCC=CC2CC2(NC(=O)C3CC(CN3C(=O)C(CC1)NC(=O)OC4CCCC4)OC5=CC=NC=C5)C(=O)O,n
1645049.0,440157481.0,155540682.0,0.0,% Control,C1CC1(C2=CC=CC=C2Cl)C(=O)NC3=CC(=C(C=C3)OC4=CC(=CC=C4)Cl)S(=O)(=O)N,n
1645049.0,440159052.0,155541355.0,0.0,% Control,CC(C)CC(=O)N1CCC2=C(C1)C(=NC(=N2)C3=CC=C(C=C3)Br)N(C)CC4=CC=CC=C4,n
1645049.0,440164595.0,155543618.0,0.0,% Control,CC1=C2C=C(C=CC2=NN1)C3C(=C(NC(=C3C#N)C4=CC=C(C=C4)Cl)C)C#N,n
1645049.0,440165545.0,155544007.0,0.0,% Control,CC1=CC(=CC(=C1)N2C=CN3C2=CC(=N3)C4=CN=CC=C4)NC(=O)C5=CC(=CC=C5)S(F)(F)(F)(F)F,n
1645049.0,440170404.0,155545891.0,0.0,% Control,CC1=C(C=C(C=C1)C2=CN=C(S2)C3(CCC(C(C3)(C)C)C(=O)O)O)NC4=CC=CC(=N4)C(F)(F)F,n
1645049.0,440171401.0,155546287.0,0.0,% Control,C1CCC(CC1)CCCNC(=O)C2=CC=C(C=C2)CNC(=O)C3=C(N(N=C3)C4=CC=CC=C4)C(F)(F)F,n
1645049.0,440172743.0,155546818.0,0.0,% Control,CC1=NN(C=C1)C2=C(C=C(C=C2)C3=CN(N=N3)C4CCC5=CC=CC=C5N(C4=O)CC(F)(F)F)OC,n
1645049.0,440180707.0,155550034.0,0.0,% Control,CC(=O)N1CCC(CC1)C2=C(C=C(C=C2)C(=O)NC3=NCCN3)C(F)(F)F,n
1645049.0,440180856.0,155550101.0,0.0,% Control,CS(=O)(=O)C1=NC=CC(=C1)C(CCNS(=O)(=O)C)NC(=O)C2=CN=CC3=C2C=NN3C4=CC=C(C=C4)F,n
1645049.0,440186768.0,155552454.0,0.0,% Control,CN1C=C(C2=C(C=CN=C21)OC3=C(C=C(C=C3F)NC4=CC(=NC(=N4)N)Cl)F)Cl,n
1645049.0,440190963.0,155554081.0,0.0,% Control,CC1(C(=O)N(C2=NC=C(N21)C(=O)NC3(CC3)C4=NC(=NO4)C5CCC5)C6=CC(=CC(=C6)Cl)Cl)CC7=CC=C(C=C7)C#N,n
1645049.0,440192898.0,155554839.0,0.0,% Control,CC1=NC=CC(=N1)COC(=O)N2CC3C(C2)C3CNC(=O)C4=CC5=NNN=C5C=C4,n
1645049.0,440193399.0,155555047.0,0.0,% Control,C1COCCC1CNC2=C(C=C(C=C2)S(=O)(=O)NC(=O)C3=C(C=C(C=C3)N4CCN(CC4)CC5=C(C=C(C=C5)C(F)(F)F)C6=CC=C(C=C6)Cl)OC7=CN=C8C(=C7)C=CN8)[N+](=O)[O-],n
1645049.0,440198624.0,155557179.0,0.0,% Control,CC(C1=CC=CC=N1)NC(=O)NC2=NC(=C3C=NNC3=C2)CO,n
1645049.0,440201576.0,155558331.0,0.0,% Control,CC1CN(CC(O1)C)C2=NC=NC(=C2)C3=NN(C4=C3C=C(C=C4)OC5(CC5)C)C,n
1645049.0,440202233.0,155558608.0,0.0,% Control,C1C(CN1C(=O)NC2=NN=CC=C2)CC=CC3=CN=CC(=N3)OC4=NC=C(C=C4)C(F)(F)F,n
1645049.0,440202897.0,155558842.0,0.0,% Control,C1=CC=C2C(=C1)C(=O)NC(S2)C3=CC=CC=N3,n
1645049.0,440207046.0,155560522.0,0.0,% Control,CS(=O)(=O)N1CCCC(C1)NC(=O)C(CCC2CCCCC2)NC(=O)C3=CC=C(C=C3)CNC4=C5C(=NC=N4)N(N=N5)C6=CC=CC=C6,n
1645049.0,440208510.0,155561056.0,0.0,% Control,CC1=C(C=C(C2=C1C=C(C=C2)C3=CC=C(C=C3)C(F)(F)F)C4=CC=C(C=C4)C5CCNCC5)C(=O)O,n
1645049.0,440210612.0,155561913.0,0.0,% Control,CC(C1=C(C=NC2=CC(=NN21)Cl)NC3=CC=C(C=C3)C(C(F)(F)F)N(C)C(=O)C4CCS(=O)(=O)CC4)OC,n
1645049.0,440228548.0,155568985.0,0.0,% Control,C1CN(C(C2=C1N=CC=C2)C3=CC=C(C=C3)F)C(=O)NC4=CC=C(C=C4)OC5=CC=C(C=C5)F,n
1645049.0,442046236.0,156009444.0,0.0,% Control,CC1=CC=CC=C1C(=O)NC2=NN(C3=C2C=C(C=C3)C4C(=C(NC(=C4C#N)C)C)C#N)C,n
1645049.0,442046237.0,156009445.0,0.0,% Control,CC1=NOC(=N1)C2CC(CN(C2)C(=O)N3CCS(=O)(=O)C3)C4=CC=C(C=C4)C(F)(F)F,n
1651618.0,405270306.0,78357763.0,0.194,IC50,CN(C)CC=CC(=O)NC1=CC=CC(=C1)C(=O)NC2=CC=CC(=C2)NC3=NC=C(C(=N3)C4=CNC5=CC=CC=C54)Cl,p
1652529.0,442062726.0,145749888.0,4.49,IC50,CC(C)(C)C1=CN=C(O1)CSC2=CN=C(S2)NC3CCCN(C3)C(=O)C4=CC=C(C=C4)NC(=O)C=C,p
1653036.0,442063184.0,71305045.0,0.01,Kd,CC1=CC=C(C=C1)N2C(=CC(=N2)C(C)(C)C)NC(=O)NCCCNC(=O)OC(C)(C)C,p
1659608.0,442049834.0,155326419.0,0.018,Kd,CC12CCC(CC1CCC3C2CCC4(C3CC=C4C5=CC6=C(C=C5)C=CN=C6)C)N(C)C,p
1659608.0,442048164.0,156010746.0,0.041,Kd,CC12CCC(CC1CCC3C2CCC4(C3CC=C4C5=CN=CC=C5)C)N(C)C,p
1659608.0,442049718.0,156011901.0,0.0035,Kd,CC12CCC(CC1CCC3C2CCC4(C3CC=C4C5=CC=CC6=C5C=CN=C6)C)N(C)C,p
1659608.0,442052805.0,156014113.0,0.017,Kd,CC12CC=C3C=C4C(C(C(CC45CCC3(C1CCC2C6=CC7=C(C=C6)C=NC=C7)O5)N(C)C)O)O,p
1659608.0,442061218.0,156019958.0,0.045,Kd,CC12CCC(CC1CCC3C2CCC4(C3CC=C4C5=CC6=C(C=C5)C=NC=C6)C)N(C)C,p
1659608.0,442063647.0,156021645.0,0.013,Kd,CC12CCC(CC1CCC3C2CCC4(C3CC=C4C5=CC(=CN=C5)Cl)C)N(C)C,p
0.0,0.0,0.0,0.0,0,CC(=C1C(=O)Nc2ccc(cc12)S(=O)(=O)NCc3ccccc3)C,n
0.0,0.0,0.0,0.0,0,COc1cc(CC2COC(=O)C2(O)Cc3ccc(O)c(OC)c3)ccc1O,n
0.0,0.0,0.0,0.0,0,CCOC(=O)c1cccc(NS(=O)(=O)c2ccc3NC(=O)C(=C4CCCC4)c3c2)c1,n
0.0,0.0,0.0,0.0,0,CC(=C1C(=O)Nc2ccc(cc12)S(=O)(=O)Nc3cc(C)cc(C)c3)C,n
0.0,0.0,0.0,0.0,0,COc1cc(CC2COC(=O)C2Cc3ccc(O)c(OC)c3)ccc1O,n
0.0,0.0,0.0,0.0,0,[Br]/C1=C/C(=CC=C1)C2=NC(=NN2)C=3NN=CC=3NCC=4C=CN=CC=4,n
0.0,0.0,0.0,0.0,0,CC(=C1C(=O)Nc2ccc(cc12)S(=O)(=O)Nc3cccc4CCCCc34)C,n
0.0,0.0,0.0,0.0,0,Cc1sc(cc1NC(=O)c2n[nH]c3ccccc23)c4ccn[nH]4,n
0.0,0.0,0.0,0.0,0,CCc1ccc(cc1)C(=O)c2sc(Nc3cccc(Cl)c3)nc2N,n
0.0,0.0,0.0,0.0,0,COc1ccc(C(=O)NC(=S)Nc2ccc(cc2)n3nncc3c4ccccc4)c(OC)c1,n
0.0,0.0,0.0,0.0,0,O=C(NC/C1=C/C([F])=CC=C1)C4([H])CCN(CC/C3=C/N([H])C2=NC=CC=C23)CC4,n
0.0,0.0,0.0,0.0,0,Oc1cc(nc(Nc2nc3ccc(cc3[nH]2)[N+](=O)[O-])n1)c4ccccc4,n
0.0,0.0,0.0,0.0,0,O=C(NC=1C=CC([Cl])=CC=1[Cl])NCC=3C=CC(=C2C=CN=CC2=3)C4=CC=CC=C4,n
0.0,0.0,0.0,0.0,0,CC(=C1C(=O)Nc2ccc(cc12)S(=O)(=O)NC3CCCCC3)C,n
0.0,0.0,0.0,0.0,0,COc1cccc(c1)C(=O)N2CCc3[nH]nc(C(=O)NCCCc4ccccc4)c3C2,n
0.0,0.0,0.0,0.0,0,O=C1Nc2ccccc2C1Cc3cc4c5ccccc5nc4[nH]n3,n
0.0,0.0,0.0,0.0,0,COc1ccc(CC2CC(Cc3ccc(OC)c(OC)c3)C(=O)O2)cc1OC,n
0.0,0.0,0.0,0.0,0,CC(=O)c1cccc(NS(=O)(=O)c2ccc3NC(=O)Nc3c2)c1,n
0.0,0.0,0.0,0.0,0,CC1(C)OCC(Cc2ccc3OCOc3c2)CO1,n
0.0,0.0,0.0,0.0,0,O=C(N1CCN(CC1)C2([H])CCCCC2)C3=CC(=CC=C3)N4C=NC5=CC=CN=C45,n
0.0,0.0,0.0,0.0,0,O=C(NCc1ccccc1)c2n[nH]c3CCN(Cc23)C(=O)c4cocc4,n
0.0,0.0,0.0,0.0,0,O=C(NCCCc1ccccc1)c2n[nH]c3CCN(Cc23)C(=O)c4ccc(cc4)C#N,n
0.0,0.0,0.0,0.0,0,CC(=C1C(=O)Nc2ccc(cc12)S(=O)(=O)NCc3ccc(C)cc3)C,n
0.0,0.0,0.0,0.0,0,COc1ccc(cc1O)C2C(=C(N)Oc3[nH]nc(c4ccc5OCOc5c4)c23)C#N,n
0.0,0.0,0.0,0.0,0,Clc1ccc(\C=C\2/Oc3ccc(cc3NC2=O)C(=O)NCCN4CCCC4)cc1,n
0.0,0.0,0.0,0.0,0,NC1=C(C#N)C(c2cccc(O)c2)c3c(O1)[nH]nc3c4ccc5OCOc5c4,n
0.0,0.0,0.0,0.0,0,COc1cc(NS(=O)(=O)c2ccc3NC(=O)C(=C(C)C)c3c2)cc(OC)c1OC,n
0.0,0.0,0.0,0.0,0,C1(=NC=C([S]1)C/C2=C/C=CC=3C=CC=CC2=3)NC=4C=CC=CC=4,n
0.0,0.0,0.0,0.0,0,O=C(c1cnccc1)N/N=C(\CC1)/CC/C1=N\NC(c1cnccc1)=O,n
0.0,0.0,0.0,0.0,0,O=C1NC(=Nc2nccc(c3ccncc3)c12)NCCc4ccccc4,n
0.0,0.0,0.0,0.0,0,CC(=C1C(=O)Nc2ccc(cc12)S(=O)(=O)NCc3cccc(C)c3)C,n
0.0,0.0,0.0,0.0,0,Fc1ccccc1C(=O)N2CCc3[nH]nc(C(=O)NC4CCCc5ccccc45)c3C2,n
0.0,0.0,0.0,0.0,0,CC(Nc1cccc(c1)NC(C1=C(C(c2ccccc2)=NNC1=O)c1ccccc1)=O)=O,n
0.0,0.0,0.0,0.0,0,COc1cc(CC2C(COC2=O)C(=O)c3ccc4OCOc4c3)cc(OC)c1OC,n
0.0,0.0,0.0,0.0,0,C(C1C(c2cccc(c2)O)c2c(c3cccc(c3)[N+]([O-])=O)n[nH]c2OC=1N)#N,n
0.0,0.0,0.0,0.0,0,CC(=C1C(=O)Nc2ccc(cc12)S(=O)(=O)NCCc3ccccc3)C,n
0.0,0.0,0.0,0.0,0,CCNC(=O)c1cccc(Nc2c(nc3cnccn23)c4ccccc4)c1,n
0.0,0.0,0.0,0.0,0,Cc1nnc(NC(CSc2nnc3ccc(c4ccncc4)nn23)=O)s1,n
0.0,0.0,0.0,0.0,0,O=C(N\C(=N\c1ccc2OCCOc2c1)\NCCc3c[nH]c4ccccc34)c5ccc6OCOc6c5,n
0.0,0.0,0.0,0.0,0,COc1cc(CC2C(COC2=O)C3(SCCCS3)c4ccc5OCOc5c4)cc(OC)c1OC,n
0.0,0.0,0.0,0.0,0,COc1ccccc1CNC(c1ccc2c(c1)NC(/C(=C/c1cccc(c1)[Cl])O2)=O)=O,n
0.0,0.0,0.0,0.0,0,O=C(N/C(=C/C=1C=CC=CC=1OC)C(=O)NCC/C2=C/NC=3C=CC=CC2=3)C=4/C=C(/C)C=CC=4,n
0.0,0.0,0.0,0.0,0,O=C(O)C=4C=CC(NC=2N1C=CN=CC1=NC=2C=3/C=C(/OC)C(O)=CC=3)=CC=4,n
0.0,0.0,0.0,0.0,0,[F]C([F])([F])C2=NNC3=NC1=C/C=C(/[Br])C=C1C(=C23)C4=CC=CC=C4,n
0.0,0.0,0.0,0.0,0,C1C(c2ccccc2)c2c(c3cccc(c3)[N+]([O-])=O)n[nH]c2OC1=O,n
0.0,0.0,0.0,0.0,0,CCCN1CCN(CCNC(=O)c2ccc(Nc3cc(ncn3)c4ccc(C)cc4)cc2)CC1,n
0.0,0.0,0.0,0.0,0,COc1cc(CC2C(COC2=O)C(O)c3ccc4OCOc4c3)cc(OC)c1OC,n
0.0,0.0,0.0,0.0,0,c1ccc(cc1)c1c2cc(ccc2n2c(n1)nnn2)[N+]([O-])=O,n
0.0,0.0,0.0,0.0,0,O=C(C/C1=N/C(=NN1)C/C2=C/C=C(/[F])C=C2)NC=3/C=C(/[F])C([F])=CC=3,n
0.0,0.0,0.0,0.0,0,O=C(N)C1=NN(/N=C1/NC(=O)CN2C(=NC=3C=CC=CC2=3)C4=NO/N=C4/N)C5=CC=CC=C5,n
0.0,0.0,0.0,0.0,0,O=C(NCC/C1=C/NC=2C=CC([Cl])=CC1=2)C3=CC(=NC4=CC=CC=C34)C5=CN=CC=C5,n
0.0,0.0,0.0,0.0,0,COc1ccc(CC2C(Cc3ccc(OC)c(OC)c3)C(=O)OC2=O)cc1OC,n
0.0,0.0,0.0,0.0,0,O=C(NCC=1C=CC=CC=1[Cl])C4=CC(NC=2C=C(N=CN=2)C=3C=CC=CC=3)=CC=C4,n
0.0,0.0,0.0,0.0,0,O/C1=C/C(OCCCC)=C(/C=C1/C2=N/N/C=C2/C3=N/C(C)=C[S]3)CC,n
0.0,0.0,0.0,0.0,0,C(C1=CC(c2ccccc2)=NNC1=O)c1cc2c(c(c1)[Cl])OCO2,n
0.0,0.0,0.0,0.0,0,O=C1C=C(OC2=CC(=CC(O)=C12)OCC(=O)NCCC=3NC=NC=3)C=4C=CC=CC=4,n
0.0,0.0,0.0,0.0,0,Nc1n[nH]c2nc(cc(c3ccc(F)cc3)c12)c4cc(Cl)ccc4Cl,n
0.0,0.0,0.0,0.0,0,O=C(NCCCN1CCN(CC1)CC)C2=CC(=CC=C2)N3C(C)=NC4=CC=CN=C34,n
0.0,0.0,0.0,0.0,0,O=C2C=1NN=C(C=1[C@@]([H])(N2CC/C3=C/C=CC=C3)C=4/C=C(/O)C=CC=4)C5=CC=C/C=C5/O,n
0.0,0.0,0.0,0.0,0,O=C(NCC)C4=C/C=C(/NC=2N1C=CN=CC1=NC=2C=3/C=C(/OC)C(=CC=3)OC)C=C4,n
0.0,0.0,0.0,0.0,0,Fc1ccc(NC2=Nc3nccc(c4ccncc4)c3C(=O)N2)cc1,n
0.0,0.0,0.0,0.0,0,Cc1cccc(NC(=O)CCc2onc(n2)c3cc4ccccc4nc3O)c1C,n
0.0,0.0,0.0,0.0,0,O=C1NC(=NC2=NC=CC(=C12)C4=CC=3OCOC=3C=C4)NC=5C=CC=CC=5,n
0.0,0.0,0.0,0.0,0,O=C2NC(=NC1=NC=CC(=C12)C4=CC=3OCOC=3C=C4)NCC=5C=CC=CC=5,n
